Exp_name, sols, solver_time, total_time, block,  block(2nd calc) , avg_block, solver_calls
hu_minimal_vote_10_minion_noincomp,0,0.055939,13.918859720230103,0.0,0.0,1.0
hu_minimal_vote_10_nbc_noincomp,0,0.0,14.195856809616089,0.0,0.0,1.0
hu_minimal_vote_10_nbc,0,0.0,15.586841821670532,0.0,nan,nan
hu_minimal_vote_10_minion,0,0.053393,15.202537298202515,0.0,nan,nan
relevant_subgroups_hepatit_40_minion_noincomp,177,387.59006200000005,450.41021752357483,15753.0,88.5,178.0
relevant_subgroups_hepatit_40_nbc,112,2.3366666666666664,55.695134003957115,515.0,16.612903225806452,31.0
relevant_subgroups_hepatit_40_minion,112,8.788626,42.328011989593506,515.0,16.612903225806452,31.0
relevant_subgroups_hepatit_40_glucose_noincomp,141,147.40622699999997,240.38735930124918,10011.0,70.5,142.0
hu_closed_vote_20_minion_noincomp,nan,nan,nan,nan,nan,nan
hu_closed_vote_20_nbc,2983,34.51285714285715,82.66689624105182,10852.0,678.25,16.0
hu_closed_vote_20_minion,2983,36.293302000000004,70.09139370918274,10852.0,678.25,16.0
hu_closed_vote_20_glucose_noincomp,3009,6579.181414250002,8474.450144052505,4528545.0,1504.5,3010.0
hu_closed_hypo_10_nbc,481,9021.723333333333,9344.193434238434,13015.0,302.6744186046512,43.0
hu_closed_hypo_10_minion,nan,nan,nan,nan,nan,nan
hu_closed_hypo_10_glucose_noincomp,nan,nan,nan,nan,nan,nan
hu_closed_aus_40_minion_noincomp,nan,nan,nan,nan,nan,nan
hu_closed_aus_40_nbc,4474,916.3533333333334,1034.9253237247467,41212.0,808.0784313725491,51.0
hu_closed_aus_40_minion,4474,11557.113664999999,11699.737794399261,41212.0,808.0784313725491,51.0
hu_closed_aus_40_glucose_noincomp,nan,nan,nan,nan,nan,nan
hu_closed_heart_40_minion_noincomp,nan,nan,nan,nan,nan,nan
hu_closed_heart_40_nbc,3630,161.97749999999996,224.703759431839,24073.0,534.9555555555555,45.0
hu_closed_heart_40_minion,3630,855.3882220000002,911.4242222309113,24073.0,534.9555555555555,45.0
hu_closed_heart_40_glucose_noincomp,nan,nan,nan,nan,nan,nan
relevant_subgroups_anneal_50_minion_noincomp,nan,nan,nan,nan,nan,nan
relevant_subgroups_anneal_50_nbc,124,18.83333333333334,485.9756309191386,2140.0,64.84848484848484,33.0
relevant_subgroups_anneal_50_minion,124,6570.986526000001,7341.530600309372,2140.0,64.84848484848484,33.0
relevant_subgroups_anneal_50_glucose_noincomp,nan,nan,nan,nan,nan,nan
hu_disc_tumor_10_minion_noincomp,1006,782.1039600000001,2246.8514955043793,506521.0,503.0,1007.0
hu_disc_tumor_10_nbc,1006,5.5566666666666675,35.40946880976359,5537.0,369.1333333333334,15.0
hu_disc_tumor_10_minion,1006,12.583857000000002,39.0728394985199,5537.0,369.1333333333333,15.0
hu_disc_tumor_10_glucose_noincomp,1006,960.8441870000001,1024.275605281194,506521.0,503.0,1007.0
relevant_subgroups_hepatit_10_minion_noincomp,nan,nan,nan,nan,nan,nan
relevant_subgroups_hepatit_10_nbc,220,27.673333333333336,100.76011363665263,3940.0,115.88235294117646,34.0
relevant_subgroups_hepatit_10_minion,nan,nan,nan,nan,nan,nan
relevant_subgroups_hepatit_10_glucose_noincomp,570,nan,2430.6586105028787,162735.0,285.0,571.0
hu_closed_german_10_minion_noincomp,nan,nan,nan,nan,nan,nan
hu_closed_german_10_nbc,5581,5393.286666666667,5552.846846024196,72381.0,1904.7631578947369,38.0
hu_closed_german_10_minion,nan,nan,nan,nan,nan,nan
hu_closed_german_10_glucose_noincomp,nan,nan,nan,nan,nan,nan
relevant_subgroups_heart_10_minion_noincomp,nan,nan,nan,nan,nan,nan
relevant_subgroups_heart_10_nbc,150,753.2566666666667,912.4965676466624,2717.0,60.37777777777777,45.0
relevant_subgroups_heart_10_minion,nan,nan,nan,nan,nan,nan
relevant_subgroups_heart_10_glucose_noincomp,247,9618.511126666666,9963.932725191116,30628.0,123.5,248.0
hu_minimal_vote_20_minion_noincomp,nan,nan,nan,nan,nan,nan
hu_minimal_vote_20_nbc_noincomp,7030,6011.630000000012,9461.314355691275,23152063.666666668,3400.8333333333335,6802.666666666667
hu_minimal_vote_20_nbc,6191,34.153333333333336,96.56498829523723,73398.0,4587.375,16.0
hu_minimal_vote_20_minion,6191,72.86685800000002,122.51782655715942,73398.0,4587.375,16.0
hu_disc_heart_10_minion_noincomp,nan,nan,nan,nan,nan,nan
hu_disc_heart_10_nbc,131,1194.51,1280.1339001655579,2210.0,49.111111111111114,45.0
hu_disc_heart_10_minion,nan,nan,nan,nan,nan,nan
hu_disc_heart_10_glucose_noincomp,269,nan,5425.987334171931,36315.0,134.5,270.0
hu_disc_zoo_30_minion_noincomp,5,0.713758,8.817114114761353,15.0,2.5,6.0
hu_disc_zoo_30_nbc,5,0.013333333333333334,18.21197001139323,17.0,1.1333333333333333,15.0
hu_disc_zoo_30_minion,5,0.28994499999999995,10.327014446258545,17.0,1.1333333333333333,15.0
hu_disc_zoo_30_glucose_noincomp,5,0.10936833333333333,9.321640650431315,15.0,2.5,6.0
hu_closed_krvskp_20_minion_noincomp,nan,nan,nan,nan,nan,nan
hu_closed_krvskp_20_nbc,295,8344.416666666666,8668.717397212982,5245.0,145.69444444444446,36.0
hu_closed_krvskp_20_minion,nan,nan,nan,nan,nan,nan
hu_closed_krvskp_20_glucose_noincomp,nan,nan,nan,nan,nan,nan
hu_gen_german_20_minion_noincomp,nan,nan,nan,nan,nan,nan
hu_gen_german_20_nbc,6,1008.0933333333334,1103.7003229459126,161.0,4.2368421052631575,38.0
hu_gen_german_20_minion,6,11295.04785,11551.126763105392,161.0,4.2368421052631575,38.0
hu_gen_german_20_glucose_noincomp,7,281.31952,359.15181970596313,28.0,3.5,8.0
hu_gen_hypo_20_minion_noincomp,nan,nan,nan,nan,nan,nan
hu_gen_hypo_20_nbc,47,6076.340000000001,6302.171488881111,1024.0,23.813953488372093,43.0
hu_gen_hypo_20_minion,nan,nan,nan,nan,nan,nan
hu_gen_hypo_20_glucose_noincomp,102,6659.2516000000005,7216.826095223427,5253.0,51.0,103.0
hu_minimal_zoo_40_minion_noincomp,nan,nan,nan,nan,nan,nan
hu_minimal_zoo_40_nbc_noincomp,8936,1305.4383333333378,4420.704945206642,26277946.666666668,2963.5,5928.0
hu_minimal_zoo_40_nbc,8936,4.250000000000001,41.74965238571167,86426.0,5401.625,16.0
hu_minimal_zoo_40_minion,8936,26.253846000000003,55.79936075210571,86426.0,5401.625,16.0
hu_gen_tumor_20_minion_noincomp,1998,4621.019907,4817.63661980629,1997001.0,999.0,1999.0
hu_gen_tumor_20_nbc,1998,9.193333333333333,47.51393183072408,19339.0,1289.2666666666667,15.0
hu_gen_tumor_20_minion,1998,6.242543000000001,24.93963646888733,19339.0,1289.2666666666667,15.0
hu_gen_tumor_20_glucose_noincomp,2003,1571.346999999999,3825.4939819176993,2007006.0,1001.5,2004.0
relevant_subgroups_hepatit_50_minion_noincomp,258,198.29631799999999,278.50166296958923,33411.0,129.0,259.0
relevant_subgroups_hepatit_50_nbc,217,0.7200000000000001,60.868987480799355,431.0,18.73913043478261,23.0
relevant_subgroups_hepatit_50_minion,217,2.072416,47.995322942733765,431.0,18.73913043478261,23.0
relevant_subgroups_hepatit_50_glucose_noincomp,235,614.1124436666665,710.0500523249308,27730.0,117.5,236.0
hu_closed_zoo_20_minion_noincomp,nan,nan,nan,nan,nan,nan
hu_closed_zoo_20_nbc,4374,2.9766666666666666,30.505471388498943,27727.0,1732.9375,16.0
hu_closed_zoo_20_glucose_noincomp,7765,1048.24478875,4834.839887738228,30151495.0,3882.5,7766.0
hu_gen_tumor_50_minion_noincomp,61,18.474894999999993,31.70545721054077,1891.0,30.5,62.0
hu_gen_tumor_50_nbc,61,1.3000000000000003,18.716571807861328,554.0,39.57142857142857,14.0
hu_gen_tumor_50_minion,61,1.6173669999999998,12.073872566223145,554.0,39.57142857142857,14.0
hu_gen_tumor_50_glucose_noincomp,61,21.960106333333332,65.6516961256663,1891.0,30.5,62.0
hu_closed_anneal_30_minion_noincomp,nan,nan,nan,nan,nan,nan
hu_closed_anneal_30_nbc,2555,365.34999999999997,446.90802788734436,57452.0,1367.9047619047622,42.0
hu_closed_anneal_30_minion,nan,nan,nan,nan,nan,nan
hu_closed_anneal_30_glucose_noincomp,nan,nan,nan,nan,nan,nan
relevant_subgroups_zoo_40_minion_noincomp,nan,nan,nan,nan,nan,nan
relevant_subgroups_zoo_40_nbc,3,0.0,30.338552554448444,10.0,0.6666666666666666,15.0
relevant_subgroups_zoo_40_minion,3,0.263505,11.987482786178589,10.0,0.6666666666666666,15.0
relevant_subgroups_zoo_40_glucose_noincomp,nan,nan,nan,nan,nan,nan
hu_gen_vote_30_minion_noincomp,268,365.3079780000001,453.46764183044434,36046.0,134.0,269.0
hu_gen_vote_30_nbc,268,12.645,48.18650436401367,3243.0,202.6875,16.0
hu_gen_vote_30_minion,268,8.491097,26.95538592338562,3243.0,202.6875,16.0
hu_gen_vote_30_glucose_noincomp,268,358.24749849999984,707.9081546068192,36046.0,134.0,269.0
hu_closed_tumor_30_minion_noincomp,1224,2909.7230160000004,3358.408277988434,749700.0,612.0,1225.0
hu_closed_tumor_30_nbc,1191,5.06,42.318638483683266,5463.0,364.2,15.0
hu_closed_tumor_30_minion,1191,4.839535000000001,19.84731960296631,5463.0,364.2,15.0
hu_closed_tumor_30_glucose_noincomp,1203,784.5287443333337,1408.4322352409363,724206.0,601.5,1204.0
hu_gen_aus_50_minion_noincomp,nan,nan,nan,nan,nan,nan
hu_gen_aus_50_nbc,4488,285.956,416.59568390846255,190161.0,3880.836734693877,49.0
hu_gen_aus_50_minion,4488,734.531164,818.0508506298065,190161.0,3880.8367346938776,49.0
hu_gen_aus_50_glucose_noincomp,nan,nan,nan,nan,nan,nan
hu_minimal_vote_30_minion_noincomp,nan,nan,nan,nan,nan,nan
hu_minimal_vote_30_nbc_noincomp,7670,8914.377999999988,11359.481308984756,22416119.6,2993.5,5988.0
hu_minimal_vote_30_nbc,6156,37.02666666666667,101.54060816764832,73202.0,4575.125,16.0
hu_minimal_vote_30_minion,6156,67.02841400000001,112.74446654319763,73202.0,4575.125,16.0
hu_disc_heart_20_minion_noincomp,62,11547.537188,14495.698033809662,1953.0,31.0,63.0
hu_disc_heart_20_nbc,41,264.48333333333335,325.076491355896,410.0,9.11111111111111,45.0
hu_disc_heart_20_minion,41,10489.528457999997,10612.875962734222,410.0,9.11111111111111,45.0
hu_disc_heart_20_glucose_noincomp,54,nan,516.5002723534902,1485.0,27.0,55.0
relevant_subgroups_hypo_50_minion_noincomp,nan,nan,nan,nan,nan,nan
relevant_subgroups_hypo_50_nbc,0,24.6,2498.797074317932,0.0,nan,nan
relevant_subgroups_hypo_50_minion,0,24.6,2463.911412000656,0.0,nan,nan
relevant_subgroups_hypo_50_glucose_noincomp,nan,nan,nan,nan,nan,nan
hu_disc_hypo_40_minion_noincomp,0,17.5742,481.4486155509949,0.0,0.0,1.0
hu_disc_hypo_40_nbc,0,197.6966666666667,695.0213030179342,0.0,0.0,37.0
hu_disc_hypo_40_minion,0,334.96852000000007,832.6931819915771,0.0,0.0,37.0
hu_disc_hypo_40_glucose_noincomp,0,72.62923333333333,563.1809030373892,0.0,0.0,1.0
hu_minimal_zoo_30_minion_noincomp,nan,nan,nan,nan,nan,nan
hu_minimal_zoo_30_nbc_noincomp,8454,1507.1450000000323,1743.4020245075226,35739285.0,4227.0,8455.0
hu_minimal_zoo_30_nbc,8454,3.7699999999999996,38.51076237360636,81954.0,5122.125,16.0
hu_minimal_zoo_30_minion,8454,25.015688000000004,52.633917808532715,81954.0,5122.125,16.0
hu_closed_heart_20_minion_noincomp,nan,nan,nan,nan,nan,nan
hu_closed_heart_20_nbc,8484,1240.0150000000003,1347.2882578372955,107547.0,2389.9333333333334,45.0
hu_closed_heart_20_minion,0,nan,9956.433668851852,0.0,0.0,45.0
hu_closed_heart_20_glucose_noincomp,nan,nan,nan,nan,nan,nan
hu_gen_audio_30_minion_noincomp,nan,nan,nan,nan,nan,nan
hu_gen_audio_30_nbc,466380,3202.803999999999,5707.163824224472,7244301.6,108123.90447761193,54.8
hu_gen_audio_30_minion,nan,nan,nan,nan,nan,nan
hu_gen_audio_30_glucose_noincomp,nan,nan,nan,nan,nan,nan
hu_gen_anneal_40_minion_noincomp,0,0.63042,33.05214190483093,0.0,0.0,1.0
hu_gen_anneal_40_nbc,0,0.0,30.872852245966595,0.0,nan,nan
hu_gen_anneal_40_minion,0,0.58,29.15621852874756,0.0,nan,nan
hu_gen_anneal_40_glucose_noincomp,0,0.00047266666666666665,28.033929189046223,0.0,0.0,1.0
relevant_subgroups_anneal_30_minion_noincomp,nan,nan,nan,nan,nan,nan
relevant_subgroups_anneal_30_nbc,290,308.87000000000006,1112.933895667394,6185.0,147.26190476190476,42.0
relevant_subgroups_anneal_30_minion,nan,nan,nan,nan,nan,nan
relevant_subgroups_anneal_30_glucose_noincomp,nan,nan,nan,nan,nan,nan
hu_closed_hypo_40_minion_noincomp,nan,nan,nan,nan,nan,nan
hu_closed_hypo_40_nbc,1629,3632.84,3920.942099928856,29213.0,679.3720930232558,43.0
hu_closed_hypo_40_minion,nan,nan,nan,nan,nan,nan
hu_closed_hypo_40_glucose_noincomp,nan,nan,nan,nan,nan,nan
hu_disc_aus_30_minion_noincomp,0,493.335,607.8147630691528,0.0,0.0,1.0
hu_disc_aus_30_nbc,0,353.79333333333335,499.0467053254445,0.0,0.0,51.0
hu_disc_aus_30_minion,0,8442.558050000001,8685.897248983383,0.0,0.0,51.0
hu_disc_aus_30_glucose_noincomp,0,33.32386666666667,161.04327313105264,0.0,0.0,1.0
hu_gen_hepatit_50_minion_noincomp,3610,12510.529045999994,13564.450151205063,6517855.0,1805.0,3611.0
hu_gen_hepatit_50_nbc,3610,8.354999999999997,64.5199665427208,108546.0,3192.529411764706,34.0
hu_gen_hepatit_50_minion,3610,31.956243999999998,76.50890851020813,108546.0,3192.529411764706,34.0
hu_gen_hepatit_50_glucose_noincomp,4341,858.5283007999991,4658.7149477005005,9424311.0,2170.5,4342.0
relevant_subgroups_krvskp_10_minion_noincomp,nan,nan,nan,nan,nan,nan
relevant_subgroups_krvskp_10_nbc,0,nan,2785.050882935524,0.0,nan,nan
relevant_subgroups_krvskp_10_minion,0,nan,2500.4521872997284,0.0,nan,nan
relevant_subgroups_krvskp_10_glucose_noincomp,nan,nan,nan,nan,nan,nan
hu_gen_lymph_30_minion_noincomp,nan,nan,nan,nan,nan,nan
hu_gen_lymph_30_nbc,9811,14.142499999999998,81.89010602235794,192797.0,7140.62962962963,27.0
hu_gen_lymph_30_minion,9811,160.00218099999995,217.64187502861023,192797.0,7140.62962962963,27.0
hu_gen_lymph_30_glucose_noincomp,20133,6674.997396250012,10958.524867475033,152009226.0,7552.125,15105.25
relevant_subgroups_krvskp_30_minion_noincomp,nan,nan,nan,nan,nan,nan
relevant_subgroups_krvskp_30_nbc,0,665.86,2268.275315761566,0.0,nan,nan
relevant_subgroups_krvskp_30_minion,nan,nan,nan,nan,nan,nan
relevant_subgroups_krvskp_30_glucose_noincomp,nan,nan,nan,nan,nan,nan
hu_gen_krvskp_30_minion_noincomp,nan,nan,nan,nan,nan,nan
hu_gen_krvskp_30_nbc,166,3920.54,4120.705461740494,3271.0,90.86111111111111,36.0
hu_gen_krvskp_30_minion,nan,nan,nan,nan,nan,nan
hu_gen_krvskp_30_glucose_noincomp,207,12982.274800000003,13977.190413236618,21528.0,103.5,208.0
hu_disc_hepatit_20_minion_noincomp,151,1038.212124,4417.18843960762,11476.0,75.5,152.0
hu_disc_hepatit_20_nbc,46,17.02,48.5593896706899,521.0,15.323529411764705,34.0
hu_disc_hepatit_20_minion,46,938.0291230000001,961.0274872779846,521.0,15.323529411764707,34.0
hu_disc_hepatit_20_glucose_noincomp,113,96.99056466666669,121.30599403381348,6441.0,56.5,114.0
relevant_subgroups_aus_10_minion_noincomp,nan,nan,nan,nan,nan,nan
relevant_subgroups_aus_10_nbc,nan,nan,nan,nan,nan,nan
relevant_subgroups_aus_10_minion,nan,nan,nan,nan,nan,nan
relevant_subgroups_aus_10_glucose_noincomp,nan,nan,nan,nan,nan,nan
hu_gen_german_50_minion_noincomp,398,4729.191340000002,4938.699077367783,79401.0,199.0,399.0
hu_gen_german_50_nbc,398,99.67249999999999,193.25156211853027,9954.0,331.8,30.0
hu_gen_german_50_minion,398,116.54000000000002,182.0484721660614,9954.0,331.8,30.0
hu_gen_german_50_glucose_noincomp,492,6631.03093,7492.484808683395,121278.0,246.0,493.0
hu_gen_aus_20_minion_noincomp,nan,nan,nan,nan,nan,nan
hu_gen_aus_20_nbc,5,4905.3966666666665,5069.728760480881,156.0,3.0588235294117645,51.0
hu_gen_aus_20_minion,0,nan,0.8959598541259766,0.0,nan,nan
hu_gen_aus_20_glucose_noincomp,6,412.69676666666663,471.0672394434611,21.0,3.0,7.0
relevant_subgroups_vote_40_minion_noincomp,3,0.757029,47.0317268371582,6.0,1.5,4.0
relevant_subgroups_vote_40_nbc,3,0.10333333333333333,48.560013135274254,0.0,0.0,10.0
relevant_subgroups_vote_40_minion,3,0.7216859999999999,42.63755130767822,0.0,0.0,10.0
relevant_subgroups_vote_40_glucose_noincomp,3,0.483109,48.64243872960409,6.0,1.5,4.0
hu_disc_zoo_50_minion_noincomp,0,0.01354,7.17027473449707,0.0,0.0,1.0
hu_disc_zoo_50_nbc,0,0.0,7.527061303456624,0.0,nan,nan
hu_disc_zoo_50_minion,0,0.013592,7.530553102493286,0.0,nan,nan
hu_disc_zoo_50_glucose_noincomp,0,0.0010256666666666667,7.666086037953694,0.0,0.0,1.0
hu_gen_german_10_minion_noincomp,nan,nan,nan,nan,nan,nan
hu_gen_german_10_nbc,8589,nan,6384.579119861126,217411.0,5721.3421052631575,38.0
hu_gen_german_10_minion,nan,nan,nan,nan,nan,nan
hu_gen_german_10_glucose_noincomp,nan,nan,nan,nan,nan,nan
hu_minimal_anneal_50_minion_noincomp,nan,nan,nan,nan,nan,nan
hu_minimal_anneal_50_nbc_noincomp,nan,nan,nan,nan,nan,nan
hu_minimal_anneal_50_nbc,nan,nan,nan,nan,nan,nan
hu_minimal_anneal_50_minion,nan,nan,nan,nan,nan,nan
hu_closed_krvskp_30_minion_noincomp,nan,nan,nan,nan,nan,nan
hu_closed_krvskp_30_nbc,4371,6582.070000000001,6932.995839953423,62726.0,1742.388888888889,36.0
hu_closed_krvskp_30_minion,0,1929.8589000000002,10626.674180269241,0.0,0.0,36.0
hu_closed_krvskp_30_glucose_noincomp,nan,nan,nan,nan,nan,nan
hu_gen_tumor_40_minion_noincomp,310,122.04034099999996,156.1365396976471,48205.0,155.0,311.0
hu_gen_tumor_40_nbc,310,2.3599999999999994,30.73434352874756,3021.0,201.4,15.0
hu_gen_tumor_40_minion,310,2.050752,15.21442723274231,3021.0,201.4,15.0
hu_gen_tumor_40_glucose_noincomp,310,136.70018699999997,299.4354666868846,48205.0,155.0,311.0
hu_gen_zoo_10_minion_noincomp,0,0.029416,4.907013416290283,0.0,0.0,1.0
hu_gen_zoo_10_nbc,0,0.0,5.174896955490112,0.0,nan,nan
hu_gen_zoo_10_minion,0,0.027681,4.31697154045105,0.0,nan,nan
hu_gen_zoo_10_glucose_noincomp,0,0.000506,5.416967034339905,0.0,0.0,1.0
hu_gen_lymph_10_minion_noincomp,nan,nan,nan,nan,nan,nan
hu_gen_lymph_10_nbc,2391,23.816666666666663,69.68460146586101,34299.0,1270.3333333333333,27.0
hu_gen_lymph_10_minion,2391,940.832498,986.5580403804779,34299.0,1270.3333333333333,27.0
hu_gen_lymph_10_glucose_noincomp,4724,3047.446346666664,6760.676907459895,11160450.0,2362.0,4725.0
relevant_subgroups_heart_40_minion_noincomp,23,51.187889,116.69364714622498,276.0,11.5,24.0
relevant_subgroups_heart_40_nbc,22,10.296666666666665,80.89752538998921,118.0,2.9500000000000006,40.0
relevant_subgroups_heart_40_minion,22,32.227717,96.25599503517151,118.0,2.95,40.0
relevant_subgroups_heart_40_glucose_noincomp,22,63.030665,138.538631995519,253.0,11.0,23.0
hu_disc_aus_10_minion_noincomp,nan,nan,nan,nan,nan,nan
hu_disc_aus_10_nbc,2179,nan,12111.38334552447,40710.0,798.2352941176472,51.0
hu_disc_aus_10_minion,nan,nan,nan,nan,nan,nan
hu_disc_aus_10_glucose_noincomp,nan,nan,nan,nan,nan,nan
hu_gen_hepatit_10_minion_noincomp,nan,nan,nan,nan,nan,nan
hu_gen_hepatit_10_nbc,4643,70.69776666666667,112.73834943771362,76378.0,2246.4117647058824,34.0
hu_gen_hepatit_10_minion,nan,nan,nan,nan,nan,nan
hu_gen_hepatit_10_glucose_noincomp,7131,10978.79353000001,15674.999871730804,25429146.0,3565.5,7132.0
hu_disc_vote_10_minion_noincomp,723,2394.447281999999,2648.165449142456,261726.0,361.5,724.0
hu_disc_vote_10_nbc,723,14.686666666666667,55.92323422431946,2595.0,162.1875,16.0
hu_disc_vote_10_minion,723,24.992419999999996,59.35533618927002,2595.0,162.1875,16.0
hu_disc_vote_10_glucose_noincomp,723,715.4695996666663,802.0844662984213,261726.0,361.5,724.0
hu_disc_krvskp_30_minion_noincomp,0,93.296,375.8311276435852,0.0,0.0,1.0
hu_disc_krvskp_30_nbc,0,556.21,907.2484999497732,0.0,0.0,36.0
hu_disc_krvskp_30_minion,0,1561.29529,1873.0523235797882,0.0,0.0,36.0
hu_disc_krvskp_30_glucose_noincomp,0,37.9723,351.5087857246399,0.0,0.0,1.0
relevant_subgroups_hypo_30_minion_noincomp,nan,nan,nan,nan,nan,nan
relevant_subgroups_hypo_30_nbc,0,1286.73,2660.6005779504776,0.0,nan,nan
relevant_subgroups_hypo_30_minion,nan,nan,nan,nan,nan,nan
relevant_subgroups_hypo_30_glucose_noincomp,nan,nan,nan,nan,nan,nan
hu_gen_lymph_40_minion_noincomp,nan,nan,nan,nan,nan,nan
hu_gen_lymph_40_nbc,4181,5.033333333333331,43.89769244194031,89209.0,3304.037037037037,27.0
hu_gen_lymph_40_minion,4181,43.37964699999999,85.15759325027466,89209.0,3304.037037037037,27.0
hu_gen_lymph_40_glucose_noincomp,7370,1519.1001280000019,6782.834724760056,27162135.0,3685.0,7371.0
relevant_subgroups_hepatit_20_minion_noincomp,2,84.64869999999999,103.41281867027283,3.0,1.0,3.0
relevant_subgroups_hepatit_20_nbc,1,5.87,53.40958102544149,13.0,0.38235294117647056,34.0
relevant_subgroups_hepatit_20_minion,1,558.507982,595.5290060043335,13.0,0.38235294117647056,34.0
relevant_subgroups_hepatit_20_glucose_noincomp,2,1.862067,22.93051354090373,3.0,1.0,3.0
hu_disc_vote_40_minion_noincomp,0,0.05583,20.91869616508484,0.0,0.0,1.0
hu_disc_vote_40_nbc,0,0.0,19.281755050023396,0.0,nan,nan
hu_disc_vote_40_minion,0,0.06116,21.962422609329224,0.0,nan,nan
hu_disc_vote_40_glucose_noincomp,0,0.0,21.46622133255005,0.0,0.0,1.0
hu_disc_heart_50_minion_noincomp,0,0.165168,45.497129678726196,0.0,0.0,1.0
hu_disc_heart_50_nbc,0,0.9266666666666667,46.201712449391685,0.0,0.0,23.0
hu_disc_heart_50_minion,0,3.4776459999999996,45.95510196685791,0.0,0.0,23.0
hu_disc_heart_50_glucose_noincomp,0,0.21466566666666664,38.513078451156616,0.0,0.0,1.0
hu_closed_tumor_40_minion_noincomp,310,133.651692,278.4437186717987,48205.0,155.0,311.0
hu_closed_tumor_40_nbc,310,2.302,26.508739757537843,1319.0,87.93333333333334,15.0
hu_closed_tumor_40_minion,310,2.034781333333333,15.355989138285318,1319.0,87.93333333333334,15.0
hu_closed_tumor_40_glucose_noincomp,310,152.20587549999993,382.3959473371506,48205.0,155.0,311.0
hu_closed_heart_50_nbc,483,28.310000000000002,81.015615940094,2434.0,62.41025641025641,39.0
hu_closed_heart_50_minion,483,48.061007999999994,80.24424982070923,2434.0,62.41025641025641,39.0
hu_closed_heart_50_glucose_noincomp,529,981.6952650000006,1061.2173007329304,140185.0,264.5,530.0
hu_gen_heart_10_minion_noincomp,nan,nan,nan,nan,nan,nan
hu_gen_heart_10_nbc,256,nan,1962.2782768408458,6405.0,142.33333333333334,45.0
hu_gen_heart_10_minion,0,1868.9419520000001,11605.662666201591,0.0,0.0,8.0
hu_gen_heart_10_glucose_noincomp,295,6166.494212500001,6382.2181451916695,43660.0,147.5,296.0
hu_closed_vote_10_minion_noincomp,nan,nan,nan,nan,nan,nan
hu_closed_vote_10_nbc,5267,42.480000000000004,98.49895405769348,21387.0,1336.6875,16.0
hu_closed_vote_10_minion,5267,100.08792199999999,138.54102182388306,21387.0,1336.6875,16.0
hu_closed_vote_10_glucose_noincomp,5349,13522.90728999999,17360.737686634064,14308575.0,2674.5,5350.0
hu_disc_audio_50_minion_noincomp,0,1624.6,1747.7782204151154,0.0,0.0,1.0
hu_disc_audio_50_nbc,0,4.396666666666666,100.18133401870728,0.0,0.0,60.0
hu_disc_audio_50_minion,nan,nan,nan,nan,nan,nan
hu_disc_audio_50_glucose_noincomp,0,0.20994433333333332,68.3604367574056,0.0,0.0,1.0
hu_disc_lymph_10_minion_noincomp,758,8690.976460999997,9425.613180875778,287661.0,379.0,759.0
hu_disc_lymph_10_nbc,115,8.886666666666665,46.335162242253624,1490.0,55.18518518518518,27.0
hu_disc_lymph_10_minion,115,272.398542,310.6924328804016,1490.0,55.18518518518518,27.0
hu_disc_lymph_10_glucose_noincomp,309,149.78726066666673,327.58882967631024,47895.0,154.5,310.0
hu_disc_tumor_20_minion_noincomp,540,338.76820600000025,391.14455127716064,146070.0,270.0,541.0
hu_disc_tumor_20_nbc,538,2.8033333333333332,29.221554438273113,2352.0,156.8,15.0
hu_disc_tumor_20_minion,538,3.858194,24.859262466430664,2352.0,156.8,15.0
hu_disc_tumor_20_glucose_noincomp,539,247.06195299999993,436.3405925432841,145530.0,269.5,540.0
relevant_subgroups_tumor_50_minion_noincomp,2,0.445418,29.08276867866516,3.0,1.0,3.0
relevant_subgroups_tumor_50_nbc,2,0.12666666666666668,38.91788283983866,7.0,0.5384615384615384,13.0
relevant_subgroups_tumor_50_minion,2,0.7766520000000001,30.069475889205933,7.0,0.5384615384615384,13.0
relevant_subgroups_tumor_50_glucose_noincomp,2,0.20641400000000001,31.06682284673055,3.0,1.0,3.0
hu_closed_tumor_50_minion_noincomp,61,16.813270999999993,53.75599813461304,1891.0,30.5,62.0
hu_closed_tumor_50_nbc,61,1.0300000000000002,39.5122709274292,239.0,17.071428571428573,14.0
hu_closed_tumor_50_minion,61,1.519736,15.724417209625244,239.0,17.071428571428573,14.0
hu_closed_tumor_50_glucose_noincomp,61,21.742819749999995,59.985485196113586,1891.0,30.5,62.0
relevant_subgroups_tumor_20_minion_noincomp,nan,nan,nan,nan,nan,nan
relevant_subgroups_tumor_20_nbc,nan,nan,nan,nan,nan,nan
relevant_subgroups_tumor_20_minion,2186,33.870166999999995,717.0386035442352,10398.0,693.2,15.0
relevant_subgroups_tumor_20_glucose_noincomp,nan,nan,nan,nan,nan,nan
relevant_subgroups_krvskp_40_minion_noincomp,nan,nan,nan,nan,nan,nan
relevant_subgroups_krvskp_40_nbc,0,182.71,2711.828893661499,0.0,nan,nan
relevant_subgroups_krvskp_40_minion,0,182.71,2704.216492652893,0.0,nan,nan
relevant_subgroups_krvskp_40_glucose_noincomp,nan,nan,nan,nan,nan,nan
relevant_subgroups_audio_20_minion_noincomp,nan,nan,nan,nan,nan,nan
relevant_subgroups_audio_20_nbc,147,15.60333333333333,118.19803619384766,8043.0,120.04477611940298,67.0
relevant_subgroups_audio_20_minion,147,3897.050075000001,4126.271283149719,8043.0,120.04477611940298,67.0
relevant_subgroups_audio_20_glucose_noincomp,257,348.90300233333323,482.721152861913,33153.0,128.5,258.0
hu_closed_aus_20_minion_noincomp,nan,nan,nan,nan,nan,nan
hu_closed_aus_20_nbc,4312,nan,8756.725742578506,74163.0,1454.1764705882354,51.0
hu_closed_aus_20_minion,nan,nan,nan,nan,nan,nan
hu_closed_aus_20_glucose_noincomp,nan,nan,nan,nan,nan,nan
hu_closed_hypo_50_minion_noincomp,nan,nan,nan,nan,nan,nan
hu_closed_hypo_50_nbc,1342,2103.056666666667,2342.8357845147452,20996.0,512.0975609756098,41.0
hu_closed_hypo_50_minion,0,11846.11736,14119.527165651321,0.0,0.0,41.0
hu_closed_hypo_50_glucose_noincomp,nan,nan,nan,nan,nan,nan
hu_gen_audio_10_minion_noincomp,nan,nan,nan,nan,nan,nan
hu_gen_audio_10_nbc,nan,nan,nan,nan,nan,nan
hu_gen_audio_10_minion,nan,nan,nan,nan,nan,nan
hu_gen_audio_10_glucose_noincomp,nan,nan,nan,nan,nan,nan
hu_closed_lymph_30_minion_noincomp,6,52.664379999999994,65.96457314491272,21.0,3.0,7.0
hu_closed_lymph_30_nbc,3,1.5500000000000005,49.16917244593302,34.0,1.2592592592592593,27.0
hu_closed_lymph_30_minion,3,16.183282000000002,28.864346265792847,34.0,1.2592592592592593,27.0
hu_closed_lymph_30_glucose_noincomp,4,0.5897230000000001,16.285276254018147,10.0,2.0,5.0
hu_minimal_zoo_10_minion_noincomp,nan,nan,nan,nan,nan,nan
hu_minimal_zoo_10_nbc_noincomp,nan,nan,nan,nan,nan,nan
hu_minimal_zoo_10_nbc,0,0.0,3.419523239135742,0.0,nan,nan
hu_minimal_zoo_10_minion,0,0.0,3.5345726013183594,0.0,nan,nan
hu_disc_hypo_10_minion_noincomp,nan,nan,nan,nan,nan,nan
hu_disc_hypo_10_nbc,0,2876.6066666666666,3440.9293162027993,0.0,0.0,43.0
hu_disc_hypo_10_minion,nan,nan,nan,nan,nan,nan
hu_disc_hypo_10_glucose_noincomp,0,112.766,628.8411545753479,0.0,0.0,1.0
hu_closed_zoo_40_nbc,43,0.1366666666666667,26.499305248260498,168.0,10.5,16.0
hu_closed_zoo_40_glucose_noincomp,68,2.0550817500000003,31.828567564487457,2346.0,34.0,69.0
hu_gen_anneal_50_minion_noincomp,nan,nan,nan,nan,nan,nan
hu_gen_anneal_50_nbc,46920,nan,790.4923017024994,1192358.0,29081.90243902439,41.0
hu_gen_anneal_50_minion,nan,nan,nan,nan,nan,nan
hu_gen_anneal_50_glucose_noincomp,nan,nan,nan,nan,nan,nan
hu_disc_zoo_10_minion_noincomp,nan,nan,nan,nan,nan,nan
hu_disc_zoo_10_nbc,4955,2.9066666666666663,32.138558785120644,31883.0,1992.6875,16.0
hu_disc_zoo_10_minion,4955,143.834199,176.39779949188232,31883.0,1992.6875,16.0
hu_disc_zoo_10_glucose_noincomp,6792,1460.8673889999998,3198.667693376541,23069028.0,3396.0,6793.0
hu_disc_aus_40_minion_noincomp,0,12.3207,117.12863945960999,0.0,0.0,1.0
hu_disc_aus_40_nbc,0,70.96,210.80086183547974,0.0,0.0,46.0
hu_disc_aus_40_minion,0,198.563241,325.507826089859,0.0,0.0,46.0
hu_disc_aus_40_glucose_noincomp,0,9.008756666666667,122.84151355425517,0.0,0.0,1.0
relevant_subgroups_heart_20_minion_noincomp,nan,nan,nan,nan,nan,nan
relevant_subgroups_heart_20_nbc,148,248.80999999999997,378.62601137161255,1772.0,39.37777777777778,45.0
relevant_subgroups_heart_20_minion,nan,nan,nan,nan,nan,nan
relevant_subgroups_heart_20_glucose_noincomp,184,7006.605665333333,7325.424141407013,17020.0,92.0,185.0
hu_disc_anneal_50_minion_noincomp,230,701.7872399999999,5568.177099943161,26565.0,115.0,231.0
hu_disc_anneal_50_nbc,25,7.303333333333332,98.94278717041016,317.0,9.90625,32.0
hu_disc_anneal_50_minion,25,146.572196,228.8874568939209,317.0,9.90625,32.0
hu_disc_anneal_50_glucose_noincomp,86,136.0059223333333,218.7373015085856,3741.0,43.0,87.0
relevant_subgroups_vote_50_minion_noincomp,0,0.061214,41.12273073196411,0.0,0.0,1.0
relevant_subgroups_vote_50_nbc,0,0.0,38.51274061203003,0.0,nan,nan
relevant_subgroups_vote_50_minion,0,0.061178,39.360236167907715,0.0,nan,nan
relevant_subgroups_vote_50_glucose_noincomp,0,0.0013696666666666666,38.55632718404134,0.0,0.0,1.0
hu_disc_hepatit_40_minion_noincomp,3,1.266584,14.795136451721191,6.0,1.5,4.0
hu_disc_hepatit_40_nbc,3,1.1233333333333333,29.101484298706055,7.0,0.2333333333333333,30.0
hu_disc_hepatit_40_minion,3,5.116731,22.564558744430542,7.0,0.23333333333333334,30.0
hu_disc_hepatit_40_glucose_noincomp,3,0.9910153333333334,17.730846007664997,6.0,1.5,4.0
relevant_subgroups_hypo_20_minion_noincomp,nan,nan,nan,nan,nan,nan
relevant_subgroups_hypo_20_nbc,0,1948.16,2263.0925714969635,0.0,nan,nan
relevant_subgroups_hypo_20_minion,nan,nan,nan,nan,nan,nan
relevant_subgroups_hypo_20_glucose_noincomp,nan,nan,nan,nan,nan,nan
hu_gen_zoo_30_minion_noincomp,1132,740.2133550000002,948.9848544597626,641278.0,566.0,1133.0
hu_gen_zoo_30_nbc,1132,0.81,18.051645040512085,11959.0,747.4375,16.0
hu_gen_zoo_30_minion,1132,2.266143,13.82246732711792,11959.0,747.4375,16.0
hu_gen_zoo_30_glucose_noincomp,1530,99.08857466666662,148.85676391919455,1171215.0,765.0,1531.0
hu_gen_krvskp_10_minion_noincomp,nan,nan,nan,nan,nan,nan
hu_gen_krvskp_10_nbc,45732,nan,9629.181884527206,370907.0,20605.944444444445,36.0
hu_gen_krvskp_10_minion,nan,nan,nan,nan,nan,nan
hu_gen_krvskp_10_glucose_noincomp,nan,nan,nan,nan,nan,nan
hu_closed_vote_40_minion_noincomp,5,3.6135435,20.316975355148315,15.0,2.5,6.0
hu_closed_vote_40_nbc,5,3.783333333333333,44.30275265375773,12.0,0.75,16.0
hu_closed_vote_40_minion,5,5.158302999999999,22.4831223487854,12.0,0.75,16.0
hu_closed_vote_40_glucose_noincomp,5,6.032366,28.429725885391235,15.0,2.5,6.0
relevant_subgroups_audio_10_minion_noincomp,nan,nan,nan,nan,nan,nan
relevant_subgroups_audio_10_nbc,665,143.13666666666666,376.4642182191213,38158.0,569.5223880597015,67.0
relevant_subgroups_audio_10_minion,nan,nan,nan,nan,nan,nan
relevant_subgroups_audio_10_glucose_noincomp,nan,nan,nan,nan,nan,nan
relevant_subgroups_aus_30_minion_noincomp,17,4514.533329999999,4760.050879955292,153.0,8.5,18.0
relevant_subgroups_aus_30_nbc,14,237.01000000000002,513.8140892982483,157.0,3.0784313725490198,51.0
relevant_subgroups_aus_30_minion,14,7211.711497999999,7514.755261421204,157.0,3.0784313725490198,51.0
relevant_subgroups_aus_30_glucose_noincomp,14,420.98636333333326,651.8304522037506,105.0,7.0,15.0
hu_gen_german_30_minion_noincomp,nan,nan,nan,nan,nan,nan
hu_gen_german_30_nbc,144,nan,572.5636208057404,4214.0,110.89473684210526,38.0
hu_gen_german_30_minion,144,2105.2906299999995,2328.6681809425354,4214.0,110.89473684210526,38.0
hu_gen_german_30_glucose_noincomp,197,5554.801666666666,5738.799994945526,19503.0,98.5,198.0
relevant_subgroups_tumor_40_minion_noincomp,nan,nan,nan,nan,nan,nan
relevant_subgroups_tumor_40_nbc,39,0.66,57.98812619845072,147.0,10.5,14.0
relevant_subgroups_tumor_40_minion,39,1.16868,61.54486632347107,147.0,10.5,14.0
relevant_subgroups_tumor_40_glucose_noincomp,nan,nan,nan,nan,nan,nan
hu_minimal_vote_50_minion_noincomp,1679,2238.207205000001,2416.9415085315704,1410360.0,839.5,1680.0
hu_minimal_vote_50_nbc_noincomp,2610,1051.2399999999998,1212.7655869325001,2920104.3333333335,1206.0,2413.0
hu_minimal_vote_50_nbc,1679,16.430000000000003,65.64368867874146,21317.0,1332.3125,16.0
hu_minimal_vote_50_minion,1679,18.337467,55.4355673789978,21317.0,1332.3125,16.0
hu_disc_anneal_20_minion_noincomp,nan,nan,nan,nan,nan,nan
hu_disc_anneal_20_nbc,19,127.55000000000001,236.53290843963623,450.0,10.714285714285714,42.0
hu_disc_anneal_20_minion,nan,nan,nan,nan,nan,nan
hu_disc_anneal_20_glucose_noincomp,254,1106.4707733333332,1393.3153368632,32385.0,127.0,255.0
relevant_subgroups_tumor_10_minion_noincomp,nan,nan,nan,nan,nan,nan
relevant_subgroups_tumor_10_nbc,nan,nan,nan,nan,nan,nan
relevant_subgroups_tumor_10_minion,2173,46.161086000000005,731.951803445816,12190.0,812.6666666666666,15.0
relevant_subgroups_tumor_10_glucose_noincomp,nan,nan,nan,nan,nan,nan
hu_minimal_vote_40_minion_noincomp,nan,nan,nan,nan,nan,nan
hu_minimal_vote_40_nbc_noincomp,7501,4769.600565333349,14278.40195719401,25702775.666666668,3582.6666666666665,7166.333333333333
hu_minimal_vote_40_nbc,5940,42.583333333333336,103.00412615140279,70707.0,4419.1875,16.0
hu_minimal_vote_40_minion,5940,64.461139,108.37234163284302,70707.0,4419.1875,16.0
hu_disc_zoo_40_minion_noincomp,0,0.019783,7.641072034835815,0.0,0.0,1.0
hu_disc_zoo_40_nbc,0,0.0,7.4611624876658125,0.0,nan,nan
hu_disc_zoo_40_minion,0,0.0163,8.314847707748413,0.0,nan,nan
hu_disc_zoo_40_glucose_noincomp,0,0.001241,8.339289665222168,0.0,0.0,1.0
hu_gen_krvskp_40_minion_noincomp,nan,nan,nan,nan,nan,nan
hu_gen_krvskp_40_nbc,1230,2702.6000000000004,2958.6506968339286,28051.0,779.1944444444445,36.0
hu_gen_krvskp_40_minion,1230,9967.50219,10287.7234852314,28051.0,779.1944444444445,36.0
hu_gen_krvskp_40_glucose_noincomp,nan,nan,nan,nan,nan,nan
relevant_subgroups_lymph_20_minion_noincomp,nan,nan,nan,nan,nan,nan
relevant_subgroups_lymph_20_nbc,1783,65.74333333333334,257.39505410194397,17006.0,629.8518518518518,27.0
relevant_subgroups_lymph_20_minion,1783,1564.5285800000001,1752.363981962204,17006.0,629.8518518518518,27.0
relevant_subgroups_lymph_20_glucose_noincomp,nan,nan,nan,nan,nan,nan
hu_gen_hepatit_40_minion_noincomp,nan,nan,nan,nan,nan,nan
hu_gen_hepatit_40_nbc,9231,21.445,71.37820410728455,266804.0,7847.176470588235,34.0
hu_gen_hepatit_40_minion,9231,170.15469599999997,222.325603723526,266804.0,7847.176470588235,34.0
hu_gen_hepatit_40_glucose_noincomp,12831,6450.378396249998,10757.37225151062,70193960.25,5839.375,11679.75
hu_closed_anneal_20_minion_noincomp,nan,nan,nan,nan,nan,nan
hu_closed_anneal_20_nbc,8727,nan,1152.3059883117676,218467.0,5201.5952380952385,42.0
hu_closed_anneal_20_minion,0,4.5954489999999995,23.848786115646362,0.0,nan,nan
hu_closed_anneal_20_glucose_noincomp,nan,nan,nan,nan,nan,nan
hu_closed_tumor_10_minion_noincomp,nan,nan,nan,nan,nan,nan
hu_closed_tumor_10_nbc,3812,13.515,57.60575592517853,21710.0,1447.3333333333333,15.0
hu_closed_tumor_10_minion,3812,41.23300000000001,73.84553790092468,21710.0,1447.3333333333333,15.0
hu_closed_tumor_10_glucose_noincomp,3812,nan,6513.559755961101,7267578.0,1906.0,3813.0
hu_gen_audio_20_minion_noincomp,nan,nan,nan,nan,nan,nan
hu_gen_audio_20_nbc,268883,218.83499999999998,1511.5840876102448,172709.0,3837.9777777777776,25.5
hu_gen_audio_20_minion,nan,nan,nan,nan,nan,nan
hu_gen_audio_20_glucose_noincomp,nan,nan,nan,nan,nan,nan
hu_disc_vote_20_minion_noincomp,5,3.636269,25.554014444351196,15.0,2.5,6.0
hu_disc_vote_20_nbc,5,6.18,41.3201531569163,10.0,0.625,16.0
hu_disc_vote_20_minion,5,9.108495,35.562681674957275,10.0,0.625,16.0
hu_disc_vote_20_glucose_noincomp,5,4.744079,33.236528078715004,15.0,2.5,6.0
relevant_subgroups_german_10_minion_noincomp,nan,nan,nan,nan,nan,nan
relevant_subgroups_german_10_nbc,nan,nan,nan,nan,nan,nan
relevant_subgroups_german_10_minion,nan,nan,nan,nan,nan,nan
relevant_subgroups_german_10_glucose_noincomp,nan,nan,nan,nan,nan,nan
hu_disc_german_40_minion_noincomp,0,1.26214,165.16445660591125,0.0,0.0,1.0
hu_disc_german_40_nbc,0,15.676666666666668,192.9445808728536,0.0,0.0,27.0
hu_disc_german_40_minion,0,29.939874,222.30488920211792,0.0,0.0,27.0
hu_disc_german_40_glucose_noincomp,0,3.5582999999999996,179.17236773173013,0.0,0.0,1.0
hu_gen_krvskp_50_minion_noincomp,nan,nan,nan,nan,nan,nan
hu_gen_krvskp_50_nbc,427,1363.1733333333334,1570.5330285231273,9728.0,277.9428571428571,35.0
hu_gen_krvskp_50_minion,427,5171.461409999999,5319.059375762939,9728.0,277.9428571428571,35.0
hu_gen_krvskp_50_glucose_noincomp,nan,nan,nan,nan,nan,nan
hu_disc_aus_20_minion_noincomp,0,9154.45,9572.326810598373,0.0,0.0,1.0
hu_disc_aus_20_nbc,0,nan,2000.700808207194,0.0,0.0,51.0
hu_disc_aus_20_minion,nan,nan,nan,nan,nan,nan
hu_disc_aus_20_glucose_noincomp,0,87.92663333333333,211.75085401535034,0.0,0.0,1.0
hu_closed_german_20_minion_noincomp,nan,nan,nan,nan,nan,nan
hu_closed_german_20_nbc,359,nan,1392.4835926055907,3805.0,100.13157894736842,38.0
hu_closed_german_20_minion,359,10232.2855,15241.17047715187,3805.0,100.13157894736842,38.0
hu_closed_german_20_glucose_noincomp,nan,nan,nan,nan,nan,nan
hu_disc_audio_30_minion_noincomp,nan,nan,nan,nan,nan,nan
hu_disc_audio_30_nbc,51,7.279999999999998,123.39117018381755,2473.0,37.46969696969697,66.0
hu_disc_audio_30_minion,51,17280.539341999996,17823.724727392197,229.0,3.4696969696969697,66.0
hu_disc_audio_30_glucose_noincomp,360,187.52153633333333,301.05332922935486,64980.0,180.0,361.0
relevant_subgroups_lymph_50_minion_noincomp,439,181.01501799999986,371.50219678878784,96580.0,219.5,440.0
relevant_subgroups_lymph_50_nbc,230,0.23333333333333336,50.14898935953776,1105.0,73.66666666666667,15.0
relevant_subgroups_lymph_50_minion,230,1.63805,43.44750165939331,1105.0,73.66666666666667,15.0
relevant_subgroups_lymph_50_glucose_noincomp,428,233.60705899999996,432.9844850699107,91806.0,214.0,429.0
relevant_subgroups_zoo_50_minion_noincomp,12,1.7608480000000002,14.055946111679077,78.0,6.0,13.0
relevant_subgroups_zoo_50_nbc,12,0.0,16.353265523910522,17.0,2.125,8.0
relevant_subgroups_zoo_50_minion,12,0.115099,12.422842502593994,17.0,2.125,8.0
relevant_subgroups_zoo_50_glucose_noincomp,12,0.036512333333333334,12.778799057006836,78.0,6.0,13.0
hu_gen_hepatit_30_minion_noincomp,nan,nan,nan,nan,nan,nan
hu_gen_hepatit_30_nbc,586,18.381999999999994,66.36234297752381,14458.0,425.235294117647,34.0
hu_gen_hepatit_30_minion,586,487.855291,531.0129525661469,14458.0,425.2352941176471,34.0
hu_gen_hepatit_30_glucose_noincomp,839,726.8421513333329,1113.733447710673,352380.0,419.5,840.0
relevant_subgroups_german_30_minion_noincomp,289,7202.395709999999,9088.32348036766,41905.0,144.5,290.0
relevant_subgroups_german_30_nbc,nan,nan,nan,nan,nan,nan
relevant_subgroups_german_30_minion,179,143.49565500000003,995.0591604709625,976.0,27.885714285714286,35.0
relevant_subgroups_german_30_glucose_noincomp,nan,nan,nan,nan,nan,nan
hu_gen_zoo_50_minion_noincomp,7,1.2929620000000002,6.955684661865234,28.0,3.5,8.0
hu_gen_zoo_50_nbc,7,0.023333333333333334,7.058191458384196,67.0,4.785714285714286,14.0
hu_gen_zoo_50_minion,7,0.452594,6.415965557098389,67.0,4.785714285714286,14.0
hu_gen_zoo_50_glucose_noincomp,7,0.167955,6.688816070556641,28.0,3.5,8.0
hu_gen_tumor_30_minion_noincomp,1191,1326.1645290000006,1420.580168247223,709836.0,595.5,1192.0
hu_gen_tumor_30_nbc,1191,5.8133333333333335,37.457488377889,11244.0,749.6,15.0
hu_gen_tumor_30_minion,1191,3.8553070000000003,20.819077730178833,11244.0,749.6,15.0
hu_gen_tumor_30_glucose_noincomp,1211,839.3087446666663,1436.5682113965352,733866.0,605.5,1212.0
hu_disc_krvskp_10_minion_noincomp,nan,nan,nan,nan,nan,nan
hu_disc_krvskp_10_nbc,0,5592.45,6014.840843041738,0.0,0.0,36.0
hu_disc_krvskp_10_minion,nan,nan,nan,nan,nan,nan
hu_disc_krvskp_10_glucose_noincomp,0,245.52999999999997,609.3503964742025,0.0,0.0,1.0
hu_disc_krvskp_50_minion_noincomp,0,0.957435,272.91114711761475,0.0,0.0,1.0
hu_disc_krvskp_50_nbc,0,0.0,281.33365122477215,0.0,nan,nan
hu_disc_krvskp_50_minion,0,1.03937,258.79578590393066,0.0,nan,nan
hu_disc_krvskp_50_glucose_noincomp,0,0.0011536666666666666,279.17706060409546,0.0,0.0,1.0
hu_closed_aus_30_minion_noincomp,nan,nan,nan,nan,nan,nan
hu_closed_aus_30_nbc,9566,2976.3266666666673,3175.232829888662,117802.0,2309.843137254902,51.0
hu_closed_aus_30_minion,nan,nan,nan,nan,nan,nan
hu_closed_aus_30_glucose_noincomp,nan,nan,nan,nan,nan,nan
hu_disc_tumor_50_minion_noincomp,0,0.043671,13.198979139328003,0.0,0.0,1.0
hu_disc_tumor_50_nbc,0,0.0,12.147436062494913,0.0,nan,nan
hu_disc_tumor_50_minion,0,0.04001,14.373604774475098,0.0,nan,nan
hu_disc_tumor_50_glucose_noincomp,0,0.0,13.377456506093344,0.0,0.0,1.0
relevant_subgroups_aus_20_minion_noincomp,2,12386.59,12626.47024154663,3.0,1.0,3.0
relevant_subgroups_aus_20_nbc,2,841.5166666666665,1064.1346542835236,33.0,0.6470588235294118,51.0
relevant_subgroups_aus_20_minion,nan,nan,nan,nan,nan,nan
relevant_subgroups_aus_20_glucose_noincomp,2,136.09953333333334,338.62602225939435,3.0,1.0,3.0
hu_gen_hypo_50_minion_noincomp,nan,nan,nan,nan,nan,nan
hu_gen_hypo_50_nbc,20634,nan,5275.381386041641,453130.4,11361.564634146342,36.0
hu_gen_hypo_50_minion,nan,nan,nan,nan,nan,nan
hu_gen_hypo_50_glucose_noincomp,nan,nan,nan,nan,nan,nan
relevant_subgroups_krvskp_20_minion_noincomp,nan,nan,nan,nan,nan,nan
relevant_subgroups_krvskp_20_nbc,0,1757.7,2483.557008186976,0.0,nan,nan
relevant_subgroups_krvskp_20_minion,0,1757.7000000000003,2717.195450782776,0.0,nan,nan
relevant_subgroups_krvskp_20_glucose_noincomp,nan,nan,nan,nan,nan,nan
hu_closed_hepatit_10_minion_noincomp,nan,nan,nan,nan,nan,nan
hu_closed_hepatit_10_nbc,6577,79.82500000000002,152.76143836975098,115120.0,3385.8823529411766,34.0
hu_closed_hepatit_10_minion,0,11569.715418,14062.5580868721,0.0,0.0,34.0
hu_closed_hepatit_10_glucose_noincomp,nan,nan,nan,nan,nan,nan
hu_closed_aus_50_minion_noincomp,nan,nan,nan,nan,nan,nan
hu_closed_aus_50_nbc,2093,266.95,369.21135245050704,13681.0,279.2040816326531,49.0
hu_closed_aus_50_glucose_noincomp,nan,nan,nan,nan,nan,nan
hu_disc_vote_50_minion_noincomp,0,0.063727,20.72617483139038,0.0,0.0,1.0
hu_disc_vote_50_nbc,0,0.0,18.605021635691326,0.0,nan,nan
hu_disc_vote_50_minion,0,0.067744,22.244014978408813,0.0,nan,nan
hu_disc_vote_50_glucose_noincomp,0,0.0005763333333333333,22.162505785624187,0.0,0.0,1.0
hu_minimal_tumor_50_minion_noincomp,nan,nan,nan,nan,nan,nan
hu_minimal_tumor_50_nbc_noincomp,9220,13945.649999999994,14434.576318979263,38717141.8,4379.3,8759.6
hu_minimal_tumor_50_nbc,8504,21.009999999999998,69.89372674624126,83463.0,5564.2,15.0
hu_minimal_tumor_50_minion,8504,33.535361,68.25651431083679,83463.0,5564.2,15.0
hu_disc_tumor_30_minion_noincomp,19,4.0908739999999995,21.058283805847168,190.0,9.5,20.0
hu_disc_tumor_30_nbc,19,1.1366666666666667,27.818769057591755,69.0,4.6,15.0
hu_disc_tumor_30_minion,19,1.335247,18.947599411010742,69.0,4.6,15.0
hu_disc_tumor_30_glucose_noincomp,19,5.517243000000001,27.042215903600056,190.0,9.5,20.0
hu_disc_hypo_30_minion_noincomp,0,14484.8573,15074.80890750885,0.0,0.0,1.0
hu_disc_hypo_30_nbc,0,852.0300000000001,1370.1893927256267,0.0,0.0,43.0
hu_disc_hypo_30_minion,nan,nan,nan,nan,nan,nan
hu_disc_hypo_30_glucose_noincomp,0,24.019233333333332,527.4854667981466,0.0,0.0,1.0
hu_gen_hepatit_20_minion_noincomp,nan,nan,nan,nan,nan,nan
hu_gen_hepatit_20_nbc,1819,36.49333333333333,69.21979641914368,38811.0,1141.5,34.0
hu_gen_hepatit_20_minion,1819,4892.463264999999,4954.9041311740875,38811.0,1141.5,34.0
hu_gen_hepatit_20_glucose_noincomp,2650,7105.9588300000005,8404.557561159134,3512575.0,1325.0,2651.0
hu_gen_vote_10_minion_noincomp,nan,nan,nan,nan,nan,nan
hu_gen_vote_10_nbc,9962,53.50999999999999,130.75537904103598,109203.0,6825.1875,16.0
hu_gen_vote_10_minion,9962,76.282738,120.06217312812805,109203.0,6825.1875,16.0
hu_gen_vote_10_glucose_noincomp,10264,nan,20275.972198605537,52679980.0,5132.0,10265.0
hu_closed_krvskp_50_minion_noincomp,nan,nan,nan,nan,nan,nan
hu_closed_krvskp_50_nbc,381,1342.11,1540.1652030944824,4368.0,124.8,35.0
hu_closed_krvskp_50_minion,381,4686.838245000001,4853.17609500885,4368.0,124.8,35.0
hu_closed_krvskp_50_glucose_noincomp,431,11098.79525,12601.919759392738,93096.0,215.5,432.0
hu_minimal_tumor_20_minion_noincomp,nan,nan,nan,nan,nan,nan
hu_minimal_tumor_20_nbc_noincomp,10456,6054.000000000014,13583.68610215187,46130602.0,4792.5,9586.0
hu_minimal_tumor_20_nbc,8627,15.490000000000002,64.90374724070232,84081.0,5605.399999999999,15.0
hu_minimal_tumor_20_minion,8627,35.84909300000001,69.20497179031372,84081.0,5605.4,15.0
hu_closed_hypo_20_minion_noincomp,nan,nan,nan,nan,nan,nan
hu_closed_hypo_20_nbc,39,4595.236666666665,6269.520208199819,900.0,20.930232558139537,43.0
hu_closed_hypo_20_minion,nan,nan,nan,nan,nan,nan
hu_closed_hypo_20_glucose_noincomp,123,nan,6980.701890389125,6478.5,54.416666666666664,109.83333333333333
hu_disc_hypo_50_minion_noincomp,0,1.20612,517.343465089798,0.0,0.0,1.0
hu_disc_hypo_50_nbc,0,0.0,430.8786057631175,0.0,nan,nan
hu_disc_hypo_50_minion,0,1.15947,429.9269337654114,0.0,nan,nan
hu_disc_hypo_50_glucose_noincomp,0,0.000338,443.70155612627667,0.0,0.0,1.0
relevant_subgroups_anneal_20_minion_noincomp,nan,nan,nan,nan,nan,nan
relevant_subgroups_anneal_20_nbc,nan,nan,nan,nan,nan,nan
relevant_subgroups_anneal_20_minion,nan,nan,nan,nan,nan,nan
relevant_subgroups_anneal_20_glucose_noincomp,nan,nan,nan,nan,nan,nan
hu_gen_heart_50_minion_noincomp,527,3327.649349999999,3511.511601448059,139128.0,263.5,528.0
hu_gen_heart_50_nbc,527,26.384999999999998,80.28530937433243,17461.0,447.71794871794873,39.0
hu_gen_heart_50_minion,527,57.87958600000001,92.7060477733612,17461.0,447.71794871794873,39.0
hu_gen_heart_50_glucose_noincomp,572,914.9263889999999,1383.080629189809,163878.0,286.0,573.0
relevant_subgroups_aus_50_minion_noincomp,10,10.504769,209.42466759681702,55.0,5.0,11.0
relevant_subgroups_aus_50_nbc,10,9.773333333333333,251.49844900767008,46.0,1.5333333333333334,30.0
relevant_subgroups_aus_50_minion,10,16.962485000000008,241.4444420337677,46.0,1.5333333333333334,30.0
relevant_subgroups_aus_50_glucose_noincomp,10,450.16637033333336,677.9158141613007,55.0,5.0,11.0
hu_minimal_lymph_10_minion_noincomp,nan,nan,nan,nan,nan,nan
hu_minimal_lymph_10_nbc_noincomp,13564,nan,18379.467318296432,86286497.5,6564.5,13130.0
hu_minimal_lymph_10_nbc,7209,39.81,114.44699984788895,104168.0,3858.074074074074,27.0
hu_minimal_lymph_10_minion,7209,2228.6644539999998,2318.0086987018585,104168.0,3858.074074074074,27.0
hu_disc_audio_20_minion_noincomp,64,1603.627576,4482.3000664711,2080.0,32.0,65.0
hu_disc_audio_20_nbc,9,3.489999999999999,113.91094549496968,478.0,7.134328358208955,67.0
hu_disc_audio_20_minion,9,1456.3073809999999,1541.472187757492,478.0,7.134328358208955,67.0
hu_disc_audio_20_glucose_noincomp,40,4.693511999999999,86.07262762387593,820.0,20.0,41.0
hu_closed_krvskp_40_nbc,1035,2782.716666666666,3006.7607374986014,13037.0,362.1388888888889,36.0
hu_closed_krvskp_40_minion,1035,10168.650569999996,10351.234494447708,13037.0,362.1388888888889,36.0
hu_closed_krvskp_40_glucose_noincomp,nan,nan,nan,nan,nan,nan
hu_gen_anneal_10_minion_noincomp,nan,nan,nan,nan,nan,nan
hu_gen_anneal_10_nbc,886,265.9715666666666,320.2584540049235,13508.0,321.6190476190476,42.0
hu_gen_anneal_10_minion,nan,nan,nan,nan,nan,nan
hu_gen_anneal_10_glucose_noincomp,1079,11030.291209999988,11437.667316675186,582660.0,539.5,1080.0
relevant_subgroups_zoo_10_minion_noincomp,nan,nan,nan,nan,nan,nan
relevant_subgroups_zoo_10_nbc,3957,14.513333333333335,182.17589402198792,23965.0,1497.8125,16.0
relevant_subgroups_zoo_10_minion,3957,564.3131079999999,728.0180788040161,23965.0,1497.8125,16.0
relevant_subgroups_zoo_10_glucose_noincomp,nan,nan,nan,nan,nan,nan
hu_gen_heart_40_minion_noincomp,nan,nan,nan,nan,nan,nan
hu_gen_heart_40_nbc,4928,144.8066666666667,209.18256990114847,186202.0,4137.822222222222,45.0
hu_gen_heart_40_minion,4928,792.9883459999998,850.4232127666473,186202.0,4137.822222222222,45.0
hu_gen_heart_40_glucose_noincomp,nan,nan,nan,nan,nan,nan
hu_disc_audio_10_minion_noincomp,nan,nan,nan,nan,nan,nan
hu_disc_audio_10_nbc,130,10.223333333333333,112.54100616772969,7331.0,109.41791044776119,67.0
hu_disc_audio_10_minion,nan,nan,nan,nan,nan,nan
hu_disc_audio_10_glucose_noincomp,3602,716.5563710000005,2160.410209496816,6489003.0,1801.0,3603.0
hu_disc_german_10_minion_noincomp,nan,nan,nan,nan,nan,nan
hu_disc_german_10_nbc,62,1450.04,1674.7038620313008,600.0,15.789473684210526,38.0
hu_disc_german_10_minion,nan,nan,nan,nan,nan,nan
hu_disc_german_10_glucose_noincomp,77,nan,2105.1082977453866,3003.0,38.5,78.0
hu_closed_vote_50_minion_noincomp,0,0.149896,17.44560194015503,0.0,0.0,1.0
hu_closed_vote_50_nbc,0,0.0,14.47915655374527,0.0,nan,nan
hu_closed_vote_50_minion,0,0.159537,14.60521674156189,0.0,nan,nan
hu_closed_vote_50_glucose_noincomp,0,0.0,14.354135930538177,0.0,0.0,1.0
relevant_subgroups_audio_50_minion_noincomp,nan,nan,nan,nan,nan,nan
relevant_subgroups_audio_50_nbc,522,51.15333333333333,217.64966583251953,21547.0,359.1166666666666,60.0
relevant_subgroups_audio_50_minion,nan,nan,nan,nan,nan,nan
relevant_subgroups_audio_50_glucose_noincomp,nan,nan,nan,nan,nan,nan
hu_gen_heart_30_minion_noincomp,nan,nan,nan,nan,nan,nan
hu_gen_heart_30_nbc,21,266.24633333333327,280.98580582936603,710.0,15.777777777777779,45.0
hu_gen_heart_30_minion,21,4529.5810950000005,4534.305098056793,710.0,15.777777777777779,45.0
hu_gen_heart_30_glucose_noincomp,21,260.84788749999996,298.60881900787354,231.0,10.5,22.0
hu_disc_anneal_40_minion_noincomp,nan,nan,nan,nan,nan,nan
hu_disc_anneal_40_nbc,15,23.26666666666667,125.57461659113567,267.0,6.846153846153846,39.0
hu_disc_anneal_40_minion,nan,nan,nan,nan,nan,nan
hu_disc_anneal_40_glucose_noincomp,89,203.44224000000006,312.5381960074107,4005.0,44.5,90.0
relevant_subgroups_german_50_minion_noincomp,0,0.323977,296.6235554218292,0.0,0.0,1.0
relevant_subgroups_german_50_nbc,0,0.0,306.93216220537823,0.0,nan,nan
relevant_subgroups_german_50_minion,0,0.327361,284.7002902030945,0.0,nan,nan
relevant_subgroups_german_50_glucose_noincomp,0,0.0017920000000000002,341.19687271118164,0.0,0.0,1.0
hu_gen_anneal_30_minion_noincomp,0,0.656173,29.763198614120483,0.0,0.0,1.0
hu_gen_anneal_30_nbc,0,0.0,31.73975435892741,0.0,nan,nan
hu_gen_anneal_30_minion,0,0.581858,27.60572338104248,0.0,nan,nan
hu_gen_anneal_30_glucose_noincomp,0,0.0002002,27.037803745269777,0.0,0.0,1.0
hu_minimal_anneal_40_minion_noincomp,nan,nan,nan,nan,nan,nan
hu_minimal_anneal_40_nbc_noincomp,nan,nan,nan,nan,nan,nan
hu_minimal_anneal_40_nbc,nan,nan,nan,nan,nan,nan
hu_minimal_anneal_40_minion,nan,nan,nan,nan,nan,nan
hu_closed_tumor_20_minion_noincomp,nan,nan,nan,nan,nan,nan
hu_closed_tumor_20_nbc,4741,13.254000000000001,57.914190006256106,23743.0,1582.8666666666666,15.0
hu_closed_tumor_20_minion,4741,40.142353,66.55176293849945,23743.0,1582.8666666666666,15.0
hu_closed_tumor_20_glucose_noincomp,4964,4415.091824000006,7364.90795314312,12323130.0,2482.0,4965.0
hu_minimal_zoo_50_minion_noincomp,nan,nan,nan,nan,nan,nan
hu_minimal_zoo_50_nbc_noincomp,8948,1586.3666666666747,4889.2701598803205,40037826.0,4474.0,8949.0
hu_minimal_zoo_50_nbc,8948,4.343333333333333,40.842120250066124,86551.0,5409.4375,16.0
hu_minimal_zoo_50_minion,8948,25.030264000000003,57.88168978691101,86551.0,5409.4375,16.0
hu_closed_audio_20_minion_noincomp,nan,nan,nan,nan,nan,nan
hu_closed_audio_20_nbc,9667,36.045,154.88986194133759,510371.0,7617.477611940299,67.0
hu_closed_audio_20_minion,nan,nan,nan,nan,nan,nan
hu_closed_audio_20_glucose_noincomp,27107,nan,17870.623289227486,365866399.5,13525.0,27051.0
hu_gen_heart_20_minion_noincomp,nan,nan,nan,nan,nan,nan
hu_gen_heart_20_nbc,485,nan,986.5350300073624,14788.0,328.6222222222222,45.0
hu_gen_heart_20_minion,nan,nan,nan,nan,nan,nan
hu_gen_heart_20_glucose_noincomp,581,19158.961269000003,20364.152747273445,169071.0,290.5,582.0
relevant_subgroups_tumor_30_minion_noincomp,nan,nan,nan,nan,nan,nan
relevant_subgroups_tumor_30_nbc,348,8.19,169.63773504892984,1483.0,98.86666666666666,15.0
relevant_subgroups_tumor_30_minion,348,4.330722,154.3411464691162,1483.0,98.86666666666666,15.0
relevant_subgroups_tumor_30_glucose_noincomp,nan,nan,nan,nan,nan,nan
relevant_subgroups_heart_30_minion_noincomp,90,5528.306740000001,5657.990268468857,4095.0,45.0,91.0
relevant_subgroups_heart_30_nbc,83,53.353333333333325,171.42845932642618,647.0,14.377777777777778,45.0
relevant_subgroups_heart_30_minion,83,732.1066400000001,837.5939273834229,647.0,14.377777777777778,45.0
relevant_subgroups_heart_30_glucose_noincomp,86,1311.081115,1474.8074777126312,3741.0,43.0,87.0
hu_gen_vote_20_minion_noincomp,nan,nan,nan,nan,nan,nan
hu_gen_vote_20_nbc,2983,27.313333333333336,82.12961316108704,33929.0,2120.5625,16.0
hu_gen_vote_20_minion,2983,21.267541,48.635831117630005,33929.0,2120.5625,16.0
hu_gen_vote_20_glucose_noincomp,2997,5014.389281200002,7042.566101360321,4492503.0,1498.5,2998.0
hu_closed_vote_30_minion_noincomp,268,383.5205940000001,536.0683851242065,36046.0,134.0,269.0
hu_closed_vote_30_nbc,268,8.51,63.81295561790466,777.0,48.5625,16.0
hu_closed_vote_30_minion,268,8.888671,42.656824350357056,777.0,48.5625,16.0
hu_closed_vote_30_glucose_noincomp,268,366.7549400000001,705.5581305821737,36046.0,134.0,269.0
hu_closed_audio_50_nbc,6699,24.817500000000006,173.56239140033722,301145.0,4705.390625,64.0
hu_closed_audio_50_glucose_noincomp,19188,17805.686594999916,17971.544704198837,184099266.0,9594.0,19189.0
hu_minimal_tumor_10_minion_noincomp,nan,nan,nan,nan,nan,nan
hu_minimal_tumor_10_nbc_noincomp,8449,1850.903333333328,5639.470014492671,23244184.333333332,2786.0,5573.0
hu_minimal_tumor_10_nbc,7698,11.089999999999998,56.798632065455116,74663.0,4977.533333333334,15.0
hu_minimal_tumor_10_minion,7698,39.552711,74.41544699668884,74663.0,4977.533333333334,15.0
hu_disc_german_20_minion_noincomp,0,113.357,290.97833037376404,0.0,0.0,1.0
hu_disc_german_20_nbc,0,217.91,407.8364429473877,0.0,0.0,38.0
hu_disc_german_20_minion,0,2087.31538,2292.3918492794037,0.0,0.0,38.0
hu_disc_german_20_glucose_noincomp,0,21.079,193.24386962254843,0.0,0.0,1.0
hu_disc_german_50_minion_noincomp,0,0.295872,173.10229969024658,0.0,0.0,1.0
hu_disc_german_50_nbc,0,0.0,150.76820707321167,0.0,nan,nan
hu_disc_german_50_minion,0,0.371778,177.38814091682434,0.0,nan,nan
hu_disc_german_50_glucose_noincomp,0,0.00033433333333333335,178.16388829549155,0.0,0.0,1.0
hu_gen_hypo_40_minion_noincomp,nan,nan,nan,nan,nan,nan
hu_gen_hypo_40_nbc,1766,nan,3945.1203876336417,46578.0,1083.2093023255813,43.0
hu_gen_hypo_40_minion,nan,nan,nan,nan,nan,nan
hu_gen_hypo_40_glucose_noincomp,nan,nan,nan,nan,nan,nan
hu_disc_vote_30_minion_noincomp,0,0.311888,20.960389852523804,0.0,0.0,1.0
hu_disc_vote_30_nbc,0,2.1333333333333333,35.32212599118551,0.0,0.0,16.0
hu_disc_vote_30_minion,0,3.849637,28.81257462501526,0.0,0.0,16.0
hu_disc_vote_30_glucose_noincomp,0,0.6627326666666666,27.365002075831097,0.0,0.0,1.0
hu_minimal_tumor_40_minion_noincomp,nan,nan,nan,nan,nan,nan
hu_minimal_tumor_40_nbc_noincomp,9359,12506.177643500036,17384.75906419754,42695940.0,4619.75,9240.5
hu_minimal_tumor_40_nbc,8626,19.046666666666663,67.50756319363911,84646.0,5643.066666666667,15.0
hu_minimal_tumor_40_minion,8626,40.212204,71.6158812046051,84646.0,5643.066666666667,15.0
hu_closed_german_40_minion_noincomp,nan,nan,nan,nan,nan,nan
hu_closed_german_40_nbc,1969,301.01,399.33910274505615,11048.0,290.7368421052632,38.0
hu_closed_german_40_minion,1969,456.87278999999995,542.5764000415802,11048.0,290.7368421052632,38.0
hu_closed_german_40_glucose_noincomp,nan,nan,nan,nan,nan,nan
hu_closed_hepatit_30_minion_noincomp,nan,nan,nan,nan,nan,nan
hu_closed_hepatit_30_nbc,72,15.366666666666667,65.53989418347676,732.0,21.529411764705884,34.0
hu_closed_hepatit_30_minion,72,453.19646000000006,467.79153394699097,732.0,21.529411764705884,34.0
hu_closed_hepatit_30_glucose_noincomp,156,240.71327399999996,339.8723587989807,12246.0,78.0,157.0
hu_closed_hepatit_40_minion_noincomp,nan,nan,nan,nan,nan,nan
hu_closed_hepatit_40_nbc,4363,17.080000000000002,52.90316383043925,24757.0,728.1470588235294,34.0
hu_closed_hepatit_40_minion,4363,192.33558700000003,243.2920594215393,24757.0,728.1470588235294,34.0
hu_closed_hepatit_40_glucose_noincomp,6358,5543.803153333327,5831.629588047664,20215261.0,3179.0,6359.0
hu_closed_lymph_40_minion_noincomp,nan,nan,nan,nan,nan,nan
hu_closed_lymph_40_nbc,1576,2.953333333333333,25.2707998752594,13188.0,488.4444444444445,27.0
hu_closed_lymph_40_minion,1576,44.462407999999996,71.12920355796814,13188.0,488.44444444444446,27.0
hu_closed_lymph_40_glucose_noincomp,2770,491.6679592000002,1672.6698810100556,3837835.0,1385.0,2771.0
hu_disc_anneal_30_minion_noincomp,nan,nan,nan,nan,nan,nan
hu_disc_anneal_30_nbc,1,57.74666666666666,168.13845388094583,24.0,0.5714285714285714,42.0
hu_disc_anneal_30_minion,nan,nan,nan,nan,nan,nan
hu_disc_anneal_30_glucose_noincomp,8,33.05393,120.6108889579773,36.0,4.0,9.0
hu_minimal_lymph_30_minion_noincomp,nan,nan,nan,nan,nan,nan
hu_minimal_lymph_30_nbc_noincomp,nan,nan,nan,nan,nan,nan
hu_minimal_lymph_30_nbc,167764,1241.71,1839.9854605197906,3227512.0,119537.48148148147,27.0
hu_minimal_lymph_30_minion,nan,nan,nan,nan,nan,nan
hu_closed_lymph_20_minion_noincomp,98,4185.5039,4229.033554315567,4851.0,49.0,99.0
hu_closed_lymph_20_nbc,26,5.003333333333333,19.177465597788494,336.0,12.444444444444445,27.0
hu_closed_lymph_20_glucose_noincomp,46,12.005156499999998,28.017488718032837,1081.0,23.0,47.0
hu_minimal_anneal_10_minion_noincomp,nan,nan,nan,nan,nan,nan
hu_minimal_anneal_10_nbc_noincomp,nan,nan,nan,nan,nan,nan
hu_minimal_anneal_10_nbc,225007,nan,5176.48571117719,2765109.0,65835.92857142857,42.0
hu_minimal_anneal_10_minion,nan,nan,nan,nan,nan,nan
hu_closed_audio_10_minion_noincomp,nan,nan,nan,nan,nan,nan
hu_closed_audio_10_nbc,6761,43.15333333333333,182.77305475870767,388098.0,5792.507462686567,67.0
hu_closed_audio_10_minion,nan,nan,nan,nan,nan,nan
hu_closed_audio_10_glucose_noincomp,nan,nan,nan,nan,nan,nan
relevant_subgroups_zoo_30_minion_noincomp,63,12.741863999999996,34.10716462135315,2016.0,31.5,64.0
relevant_subgroups_zoo_30_nbc,62,0.10666666666666667,25.285335143407185,282.0,17.625,16.0
relevant_subgroups_zoo_30_minion,62,0.6531009999999999,15.108797311782837,282.0,17.625,16.0
relevant_subgroups_zoo_30_glucose_noincomp,81,3.364335666666666,43.03428260485331,3321.0,40.5,82.0
hu_closed_zoo_10_nbc,0,0.0,5.077208876609802,0.0,nan,nan
hu_closed_zoo_10_minion,0,0.027995,4.383851528167725,0.0,nan,nan
hu_closed_zoo_10_glucose_noincomp,0,0.0,5.346567551294963,0.0,0.0,1.0
hu_disc_lymph_50_minion_noincomp,0,0.034419,15.0527822971344,0.0,0.0,1.0
hu_disc_lymph_50_nbc,0,0.0,13.671500205993652,0.0,nan,nan
hu_disc_lymph_50_minion,0,0.036437,14.092854261398315,0.0,nan,nan
hu_disc_lymph_50_glucose_noincomp,0,0.0002773333333333333,14.266858259836832,0.0,0.0,1.0
hu_disc_audio_40_minion_noincomp,nan,nan,nan,nan,nan,nan
hu_disc_audio_40_nbc,0,23.073333333333334,125.091170946757,0.0,0.0,65.0
hu_disc_audio_40_minion,nan,nan,nan,nan,nan,nan
hu_disc_audio_40_glucose_noincomp,0,0.617232,64.6600051720937,0.0,0.0,1.0
hu_disc_hepatit_50_minion_noincomp,0,0.048339,15.238241910934448,0.0,0.0,1.0
hu_disc_hepatit_50_nbc,0,0.10999999999999999,23.241860151290894,0.0,0.0,20.0
hu_disc_hepatit_50_minion,0,0.974528,21.32891011238098,0.0,0.0,20.0
hu_disc_hepatit_50_glucose_noincomp,0,0.035831,16.529810587565105,0.0,0.0,1.0
hu_closed_hepatit_20_minion_noincomp,nan,nan,nan,nan,nan,nan
hu_closed_hepatit_20_nbc,179,32.298,73.31280150413514,2527.0,74.32352941176471,34.0
hu_closed_hepatit_20_minion,179,4091.2374409999998,4127.619317770004,2527.0,74.32352941176471,34.0
hu_closed_hepatit_20_glucose_noincomp,564,305.5375926666666,722.3199666341146,159330.0,282.0,565.0
hu_disc_anneal_10_minion_noincomp,nan,nan,nan,nan,nan,nan
hu_disc_anneal_10_nbc,143,280.6633333333334,404.16385372479755,4055.0,96.54761904761905,42.0
hu_disc_anneal_10_minion,nan,nan,nan,nan,nan,nan
hu_disc_anneal_10_glucose_noincomp,1970,8122.537616666668,9518.15586813291,1941435.0,985.0,1971.0
hu_gen_audio_50_minion_noincomp,nan,nan,nan,nan,nan,nan
hu_gen_audio_50_nbc,278407,2969.9186666666665,3717.890373865763,5803531.0,90680.171875,64.0
hu_gen_audio_50_minion,nan,nan,nan,nan,nan,nan
hu_gen_audio_50_glucose_noincomp,nan,nan,nan,nan,nan,nan
hu_gen_krvskp_20_minion_noincomp,nan,nan,nan,nan,nan,nan
hu_gen_krvskp_20_nbc,0,5666.856666666667,6949.681619803111,0.0,0.0,36.0
hu_gen_krvskp_20_minion,nan,nan,nan,nan,nan,nan
hu_gen_krvskp_20_glucose_noincomp,0,181.3585,330.6135036945343,0.0,0.0,1.0
hu_disc_krvskp_40_minion_noincomp,0,6.7212,302.2385823726654,0.0,0.0,1.0
hu_disc_krvskp_40_nbc,0,154.73000000000002,501.8311595916748,0.0,0.0,31.0
hu_disc_krvskp_40_minion,0,142.01408,436.7680926322937,0.0,0.0,31.0
hu_disc_krvskp_40_glucose_noincomp,0,74.01956666666666,396.8774772485097,0.0,0.0,1.0
hu_gen_hypo_10_minion_noincomp,nan,nan,nan,nan,nan,nan
hu_gen_hypo_10_nbc,1029,8395.2875,9920.19794869423,19720.0,458.6046511627907,43.0
hu_gen_hypo_10_minion,nan,nan,nan,nan,nan,nan
hu_gen_hypo_10_glucose_noincomp,nan,nan,nan,nan,nan,nan
hu_gen_tumor_10_minion_noincomp,0,0.074516,8.46484637260437,0.0,0.0,1.0
hu_gen_tumor_10_nbc,0,0.0,8.946164989471436,0.0,nan,nan
hu_gen_tumor_10_minion,0,0.082649,8.122478485107422,0.0,nan,nan
hu_gen_tumor_10_glucose_noincomp,0,0.0008593333333333334,8.463477849960327,0.0,0.0,1.0
relevant_subgroups_heart_50_minion_noincomp,36,14.380460000000003,84.97006797790527,666.0,18.0,37.0
relevant_subgroups_heart_50_nbc,35,1.9733333333333334,86.00346223513286,103.0,3.9615384615384617,26.0
relevant_subgroups_heart_50_minion,35,4.479746,68.3690276145935,103.0,3.9615384615384617,26.0
relevant_subgroups_heart_50_glucose_noincomp,35,225.59506066666668,312.60486221313477,630.0,17.5,36.0
hu_closed_heart_30_minion_noincomp,nan,nan,nan,nan,nan,nan
hu_closed_heart_30_nbc,7165,nan,579.945894241333,64790.0,1439.7777777777778,45.0
hu_closed_heart_30_minion,7165,11201.263404,11449.009358644485,64790.0,1439.7777777777778,45.0
hu_closed_heart_30_glucose_noincomp,nan,nan,nan,nan,nan,nan
hu_minimal_tumor_30_minion_noincomp,nan,nan,nan,nan,nan,nan
hu_minimal_tumor_30_nbc_noincomp,9566,7794.39999999998,20617.428308725357,43986613.5,4688.5,9378.0
hu_minimal_tumor_30_nbc,8733,18.130000000000003,67.53975462913513,85422.0,5694.8,15.0
hu_minimal_tumor_30_minion,8733,34.732911,68.84354519844055,85422.0,5694.8,15.0
hu_closed_hypo_30_nbc,2748,5724.213999999999,6026.034735298157,55234.0,1284.5116279069769,43.0
hu_closed_hypo_30_glucose_noincomp,nan,nan,nan,nan,nan,nan
hu_disc_hepatit_30_minion_noincomp,25,51.63142,70.7191915512085,325.0,12.5,26.0
hu_disc_hepatit_30_nbc,10,4.406666666666665,34.414587100346886,70.0,2.0588235294117645,34.0
hu_disc_hepatit_30_minion,10,56.524369,75.10960412025452,70.0,2.0588235294117645,34.0
hu_disc_hepatit_30_glucose_noincomp,18,9.71717333333333,31.081727663675945,171.0,9.0,19.0
hu_disc_lymph_40_minion_noincomp,30,5.085434000000001,21.5913667678833,465.0,15.0,31.0
hu_disc_lymph_40_nbc,11,0.02666666666666667,24.822543064753216,53.0,3.1176470588235294,17.0
hu_disc_lymph_40_minion,11,0.680318,19.289172649383545,53.0,3.1176470588235294,17.0
hu_disc_lymph_40_glucose_noincomp,15,0.3150886666666667,25.11334768931071,120.0,7.5,16.0
hu_closed_hepatit_50_nbc,3422,8.852,46.59205513000488,12207.0,359.02941176470586,34.0
hu_closed_hepatit_50_minion,3422,42.718126000000005,89.71418976783752,12207.0,359.02941176470586,34.0
hu_closed_hepatit_50_glucose_noincomp,4762,2218.5741116666654,2312.5370615323386,11340703.0,2381.0,4763.0
hu_closed_german_30_nbc,9087,821.8799999999999,979.4779634475708,63511.0,1671.342105263158,38.0
hu_closed_german_30_minion,9087,3962.59417,4105.368773937225,63511.0,1671.342105263158,38.0
hu_closed_german_30_glucose_noincomp,nan,nan,nan,nan,nan,nan
hu_closed_lymph_50_minion_noincomp,1420,3963.4771280000055,4121.160414218903,1008910.0,710.0,1421.0
hu_closed_lymph_50_nbc,192,0.46666666666666673,23.787200768788654,1697.0,80.80952380952381,21.0
hu_closed_lymph_50_minion,192,3.1256380000000004,16.780697345733643,1697.0,80.80952380952381,21.0
hu_closed_lymph_50_glucose_noincomp,408,28.161143999999982,489.7140603065491,83436.0,204.0,409.0
hu_closed_anneal_10_minion_noincomp,nan,nan,nan,nan,nan,nan
hu_closed_anneal_10_nbc,15751,1318.2299999999998,1474.2851626873016,452551.0,10775.02380952381,42.0
hu_closed_anneal_10_minion,nan,nan,nan,nan,nan,nan
hu_closed_anneal_10_glucose_noincomp,nan,nan,nan,nan,nan,nan
relevant_subgroups_vote_10_minion_noincomp,nan,nan,nan,nan,nan,nan
relevant_subgroups_vote_10_nbc,nan,nan,nan,nan,nan,nan
relevant_subgroups_vote_10_minion,2523,69.961562,1327.4420104026794,9778.0,611.125,16.0
relevant_subgroups_vote_10_glucose_noincomp,nan,nan,nan,nan,nan,nan
relevant_subgroups_german_20_minion_noincomp,0,83.0642,401.2068557739258,0.0,0.0,1.0
relevant_subgroups_german_20_nbc,0,94.45,458.88914068539935,0.0,0.0,38.0
relevant_subgroups_german_20_minion,0,1336.8475589999998,1671.976529121399,0.0,0.0,38.0
relevant_subgroups_german_20_glucose_noincomp,0,10.865400000000001,357.7571779092153,0.0,0.0,1.0
hu_closed_zoo_50_minion_noincomp,7,1.196262,6.812115907669067,28.0,3.5,8.0
hu_closed_zoo_50_nbc,7,0.015,16.16868031024933,24.0,1.7142857142857142,14.0
hu_closed_zoo_50_minion,7,0.450512,6.565707683563232,24.0,1.7142857142857142,14.0
hu_closed_zoo_50_glucose_noincomp,7,0.16483166666666668,7.4821849664052325,28.0,3.5,8.0
relevant_subgroups_audio_40_minion_noincomp,nan,nan,nan,nan,nan,nan
relevant_subgroups_audio_40_nbc,1857,283.7966666666666,679.4189840952555,84436.0,1299.0153846153846,65.0
relevant_subgroups_audio_40_minion,nan,nan,nan,nan,nan,nan
relevant_subgroups_audio_40_glucose_noincomp,nan,nan,nan,nan,nan,nan
hu_closed_heart_10_nbc,3360,3096.6625,3197.623258113861,63540.0,1412.0,45.0
hu_closed_heart_10_minion,nan,nan,nan,nan,nan,nan
hu_closed_heart_10_glucose_noincomp,nan,nan,nan,nan,nan,nan
hu_disc_lymph_20_minion_noincomp,nan,nan,nan,nan,nan,nan
hu_disc_lymph_20_nbc,331,2.3466666666666662,33.89925877253214,2882.0,106.74074074074075,27.0
hu_disc_lymph_20_minion,331,54.171656,89.84134817123413,2882.0,106.74074074074075,27.0
hu_disc_lymph_20_glucose_noincomp,1262,265.91081333333324,331.8364049593608,796953.0,631.0,1263.0
hu_gen_zoo_40_minion_noincomp,64,11.948771999999998,24.670178174972534,2080.0,32.0,65.0
hu_gen_zoo_40_nbc,64,0.16200000000000003,14.958046817779541,732.0,45.75,16.0
hu_gen_zoo_40_minion,64,0.623385,6.860800504684448,732.0,45.75,16.0
hu_gen_zoo_40_glucose_noincomp,68,2.0322075,12.011313319206238,2346.0,34.0,69.0
hu_disc_lymph_30_minion_noincomp,1614,1356.249942,1518.7161309719086,1303305.0,807.0,1615.0
hu_disc_lymph_30_nbc,141,0.6833333333333336,36.2414805094401,869.0,32.18518518518518,27.0
hu_disc_lymph_30_minion,141,6.575472,24.908768892288208,869.0,32.18518518518518,27.0
hu_disc_lymph_30_glucose_noincomp,675,43.76408866666666,187.26950343449911,228150.0,337.5,676.0
relevant_subgroups_german_40_minion_noincomp,4,5.677134,330.4747083187103,10.0,2.0,5.0
relevant_subgroups_german_40_nbc,4,10.736666666666666,397.88610021273297,14.0,0.5185185185185185,27.0
relevant_subgroups_german_40_minion,4,22.576913000000005,367.3066096305847,14.0,0.5185185185185185,27.0
relevant_subgroups_german_40_glucose_noincomp,4,84.37863,461.9441780249278,10.0,2.0,5.0
hu_gen_vote_50_minion_noincomp,0,0.150565,16.122435569763184,0.0,0.0,1.0
hu_gen_vote_50_nbc,0,0.0,14.674515088399252,0.0,nan,nan
hu_gen_vote_50_minion,0,0.141973,14.664516687393188,0.0,nan,nan
hu_gen_vote_50_glucose_noincomp,0,0.0006946666666666667,14.5596284866333,0.0,0.0,1.0
relevant_subgroups_anneal_10_minion_noincomp,nan,nan,nan,nan,nan,nan
relevant_subgroups_anneal_10_nbc,nan,nan,nan,nan,nan,nan
relevant_subgroups_anneal_10_minion,nan,nan,nan,nan,nan,nan
relevant_subgroups_anneal_10_glucose_noincomp,nan,nan,nan,nan,nan,nan
hu_closed_anneal_50_minion_noincomp,nan,nan,nan,nan,nan,nan
hu_closed_anneal_50_nbc,4429,205.31666666666663,279.78291392326355,79641.0,1942.4634146341461,41.0
hu_closed_anneal_50_glucose_noincomp,nan,nan,nan,nan,nan,nan
hu_closed_anneal_40_minion_noincomp,nan,nan,nan,nan,nan,nan
hu_closed_anneal_40_nbc,9163,438.68199999999996,563.8102176189423,182555.0,4346.547619047619,42.0
hu_closed_anneal_40_minion,nan,nan,nan,nan,nan,nan
hu_closed_anneal_40_glucose_noincomp,nan,nan,nan,nan,nan,nan
relevant_subgroups_aus_40_minion_noincomp,12,147.714669,346.55113649368286,78.0,6.0,13.0
relevant_subgroups_aus_40_nbc,12,55.71000000000001,284.0701467990875,88.0,1.9130434782608698,46.0
relevant_subgroups_aus_40_minion,12,208.35298999999998,425.1981270313263,88.0,1.9130434782608696,46.0
relevant_subgroups_aus_40_glucose_noincomp,12,191.03371666666666,419.4251027107239,78.0,6.0,13.0
hu_gen_german_40_minion_noincomp,nan,nan,nan,nan,nan,nan
hu_gen_german_40_nbc,2338,294.0333333333333,415.230384906133,75112.0,1976.6315789473683,38.0
hu_gen_german_40_minion,2338,478.61301000000003,565.2178943157196,75112.0,1976.6315789473683,38.0
hu_gen_german_40_glucose_noincomp,nan,nan,nan,nan,nan,nan
relevant_subgroups_lymph_40_minion_noincomp,1211,3941.420279999997,4499.57279086113,733866.0,605.5,1212.0
relevant_subgroups_lymph_40_nbc,364,1.3366666666666667,60.200608015060425,2450.0,136.11111111111111,18.0
relevant_subgroups_lymph_40_minion,364,5.521316,58.96211552619934,2450.0,136.11111111111111,18.0
relevant_subgroups_lymph_40_glucose_noincomp,972,6978.873469333339,7551.770841757457,472878.0,486.0,973.0
hu_gen_aus_10_minion_noincomp,nan,nan,nan,nan,nan,nan
hu_gen_aus_10_nbc,8912,13323.65,13648.331485112509,242546.0,4755.803921568628,51.0
hu_gen_aus_10_minion,0,nan,0.9757287502288818,0.0,nan,nan
hu_gen_aus_10_glucose_noincomp,nan,nan,nan,nan,nan,nan
hu_minimal_lymph_20_minion_noincomp,nan,nan,nan,nan,nan,nan
hu_minimal_lymph_20_nbc_noincomp,nan,nan,nan,nan,nan,nan
hu_minimal_lymph_20_nbc,146201,nan,1645.7887910207112,2583153.0,95672.33333333333,27.0
hu_minimal_lymph_20_minion,nan,nan,nan,nan,nan,nan
hu_disc_zoo_20_minion_noincomp,1475,1454.6000490000013,3102.531647205353,1088550.0,737.5,1476.0
hu_disc_zoo_20_nbc,248,0.28,20.88029948870341,1444.0,90.25,16.0
hu_disc_zoo_20_minion,248,2.486698,15.863502264022827,1444.0,90.25,16.0
hu_disc_zoo_20_glucose_noincomp,501,37.24447066666668,97.56233390172322,125751.0,250.5,502.0
hu_disc_hepatit_10_minion_noincomp,nan,nan,nan,nan,nan,nan
hu_disc_hepatit_10_nbc,21,13.073333333333332,44.9929743607839,365.0,10.735294117647058,34.0
hu_disc_hepatit_10_minion,21,6551.774227999999,6651.010839223862,365.0,10.735294117647058,34.0
hu_disc_hepatit_10_glucose_noincomp,77,24.882860666666662,62.58951608339945,3003.0,38.5,78.0
relevant_subgroups_hepatit_30_minion_noincomp,2,6.508699999999999,23.394726991653442,3.0,1.0,3.0
relevant_subgroups_hepatit_30_nbc,1,2.613333333333333,49.19206245740255,9.0,0.2647058823529412,34.0
relevant_subgroups_hepatit_30_minion,1,39.00994999999999,57.961437463760376,9.0,0.2647058823529412,34.0
relevant_subgroups_hepatit_30_glucose_noincomp,2,0.8417656666666667,21.25436266263326,3.0,1.0,3.0
hu_closed_krvskp_10_minion_noincomp,nan,nan,nan,nan,nan,nan
hu_closed_krvskp_10_nbc,nan,nan,nan,nan,nan,nan
hu_closed_krvskp_10_minion,0,14471.4372,17859.828899383545,0.0,0.0,36.0
hu_closed_krvskp_10_glucose_noincomp,nan,nan,nan,nan,nan,nan
hu_disc_heart_40_minion_noincomp,2,4.4062,46.31851410865784,3.0,1.0,3.0
hu_disc_heart_40_nbc,2,8.313333333333333,70.87965401013692,6.0,0.15,40.0
hu_disc_heart_40_minion,2,27.723100000000002,78.02684664726257,6.0,0.15,40.0
hu_disc_heart_40_glucose_noincomp,2,2.6836640000000003,41.61347778638204,3.0,1.0,3.0
hu_closed_zoo_30_minion_noincomp,nan,nan,nan,nan,nan,nan
hu_closed_zoo_30_nbc,628,0.6050000000000001,24.910511910915375,3554.0,222.125,16.0
hu_closed_zoo_30_minion,628,4.035156,16.11984650293986,3554.0,222.125,16.0
hu_closed_zoo_30_glucose_noincomp,1162,70.2149855,795.0047772526741,675703.0,581.0,1163.0
relevant_subgroups_lymph_30_minion_noincomp,nan,nan,nan,nan,nan,nan
relevant_subgroups_lymph_30_nbc,1147,24.313333333333333,156.9101132551829,8154.0,302.0,27.0
relevant_subgroups_lymph_30_minion,1147,134.943857,244.63279509544373,8154.0,302.0,27.0
relevant_subgroups_lymph_30_glucose_noincomp,nan,nan,nan,nan,nan,nan
hu_closed_audio_40_minion_noincomp,nan,nan,nan,nan,nan,nan
hu_closed_audio_40_nbc,8283,19.495,112.27145576477051,396564.0,6100.984615384616,65.0
hu_closed_audio_40_minion,nan,nan,nan,nan,nan,nan
hu_closed_audio_40_glucose_noincomp,21909,16211.759571999983,17288.374362707138,240013095.0,10954.5,21910.0
hu_disc_hypo_20_minion_noincomp,nan,nan,nan,nan,nan,nan
hu_disc_hypo_20_nbc,0,1973.6533333333334,2507.8570495446525,0.0,0.0,43.0
hu_disc_hypo_20_minion,nan,nan,nan,nan,nan,nan
hu_disc_hypo_20_glucose_noincomp,0,47.63493333333333,544.3705507914225,0.0,0.0,1.0
relevant_subgroups_anneal_40_minion_noincomp,nan,nan,nan,nan,nan,nan
relevant_subgroups_anneal_40_nbc,230,143.26999999999998,847.4295275211334,4401.0,110.02500000000002,40.0
relevant_subgroups_anneal_40_minion,nan,nan,nan,nan,nan,nan
relevant_subgroups_anneal_40_glucose_noincomp,nan,nan,nan,nan,nan,nan
hu_disc_german_30_minion_noincomp,0,5.97117,188.77152562141418,0.0,0.0,1.0
hu_disc_german_30_nbc,0,56.336666666666666,234.62643535931906,0.0,0.0,35.0
hu_disc_german_30_minion,0,134.86486799999997,307.1732006072998,0.0,0.0,35.0
hu_disc_german_30_glucose_noincomp,0,5.938106666666667,170.24874393145242,0.0,0.0,1.0
hu_disc_krvskp_20_minion_noincomp,0,1376.17,1674.5614986419678,0.0,0.0,1.0
hu_disc_krvskp_20_nbc,0,nan,1800.6293555895488,0.0,0.0,36.0
hu_disc_krvskp_20_minion,nan,nan,nan,nan,nan,nan
hu_disc_krvskp_20_glucose_noincomp,0,60.73716666666667,411.8696297804515,0.0,0.0,1.0
hu_gen_vote_40_minion_noincomp,5,4.6466959999999995,23.47758960723877,15.0,2.5,6.0
hu_gen_vote_40_nbc,5,4.286666666666667,29.96078364054362,63.0,3.9375,16.0
hu_gen_vote_40_minion,5,4.904418999999999,22.322367191314697,63.0,3.9375,16.0
hu_gen_vote_40_glucose_noincomp,5,5.577640333333335,26.998057285944622,15.0,2.5,6.0
relevant_subgroups_vote_20_minion_noincomp,nan,nan,nan,nan,nan,nan
relevant_subgroups_vote_20_nbc,nan,nan,nan,nan,nan,nan
relevant_subgroups_vote_20_minion,628,15.214472999999998,380.7508888244629,1920.0,120.0,16.0
relevant_subgroups_vote_20_glucose_noincomp,nan,nan,nan,nan,nan,nan
hu_closed_german_50_minion_noincomp,601,9248.864116666666,9608.178188800812,180901.0,300.5,602.0
hu_closed_german_50_nbc,377,87.91499999999999,181.98112785816193,1679.0,55.96666666666667,30.0
hu_closed_german_50_minion,377,109.46312000000002,171.728618144989,1679.0,55.96666666666667,30.0
hu_closed_german_50_glucose_noincomp,452,6755.247255000004,7309.197178602219,102378.0,226.0,453.0
relevant_subgroups_audio_30_minion_noincomp,168,666.2362799999997,805.4526598453522,14196.0,84.0,169.0
relevant_subgroups_audio_30_nbc,9,0.9533333333333337,76.0188783009847,461.0,7.092307692307692,65.0
relevant_subgroups_audio_30_minion,9,48.012902,124.56635856628418,461.0,7.092307692307692,65.0
relevant_subgroups_audio_30_glucose_noincomp,32,3.8068643333333334,77.00615866978963,528.0,16.0,33.0
hu_minimal_zoo_20_minion_noincomp,4156,4890.98143599999,5203.326994180679,8638246.0,2078.0,4157.0
hu_minimal_zoo_20_nbc_noincomp,4156,386.9199999999979,3313.5747812986374,8638246.0,2078.0,4157.0
hu_minimal_zoo_20_nbc,4156,1.8733333333333337,32.11809158325195,43507.0,2719.1875,16.0
hu_minimal_zoo_20_minion,4156,12.565270000000002,38.69349479675293,43507.0,2719.1875,16.0
hu_minimal_lymph_40_minion_noincomp,nan,nan,nan,nan,nan,nan
hu_minimal_lymph_40_nbc_noincomp,nan,nan,nan,nan,nan,nan
hu_minimal_lymph_40_nbc,131705,990.64,1325.0899646282196,2550115.0,94448.70370370371,27.0
hu_minimal_lymph_40_minion,nan,nan,nan,nan,nan,nan
hu_gen_anneal_20_minion_noincomp,nan,nan,nan,nan,nan,nan
hu_gen_anneal_20_nbc,404735,5541.533990000001,9435.289874494076,8303195.0,197695.11904761905,42.0
hu_gen_anneal_20_minion,0,8009.5050365,11529.18274307251,0.0,0.0,9.0
hu_gen_anneal_20_glucose_noincomp,nan,nan,nan,nan,nan,nan
hu_disc_heart_30_minion_noincomp,7,137.30603,173.1549198627472,28.0,3.5,8.0
hu_disc_heart_30_nbc,7,48.52333333333333,112.8356819152832,36.0,0.8000000000000002,45.0
hu_disc_heart_30_minion,7,514.154333,573.3352346420288,36.0,0.8,45.0
hu_disc_heart_30_glucose_noincomp,7,45.1164,87.69201636314392,28.0,3.5,8.0
hu_gen_lymph_20_minion_noincomp,nan,nan,nan,nan,nan,nan
hu_gen_lymph_20_nbc,12996,29.165000000000006,92.27273261547089,227878.0,8439.925925925925,27.0
hu_gen_lymph_20_minion,12996,511.67185499999994,581.122312784195,227878.0,8439.925925925925,27.0
hu_gen_lymph_20_glucose_noincomp,28481,19997.48437250007,21169.89285838604,405597921.0,14240.5,28482.0
hu_closed_aus_10_minion_noincomp,nan,nan,nan,nan,nan,nan
hu_closed_aus_10_nbc,nan,nan,nan,nan,nan,nan
hu_closed_aus_10_minion,0,13.296599999999998,13124.143239736557,0.0,0.0,51.0
hu_closed_aus_10_glucose_noincomp,0,nan,23.409281492233276,0.0,0.0,1.0
relevant_subgroups_hypo_10_minion_noincomp,nan,nan,nan,nan,nan,nan
relevant_subgroups_hypo_10_nbc,0,nan,2303.1818811893463,0.0,nan,nan
relevant_subgroups_hypo_10_minion,nan,nan,nan,nan,nan,nan
relevant_subgroups_hypo_10_glucose_noincomp,nan,nan,nan,nan,nan,nan
hu_gen_zoo_20_minion_noincomp,nan,nan,nan,nan,nan,nan
hu_gen_zoo_20_nbc,4286,2.5274999999999994,31.39723640680313,45002.0,2812.625,16.0
hu_gen_zoo_20_minion,4286,24.322207,46.12071132659912,45002.0,2812.625,16.0
hu_gen_zoo_20_glucose_noincomp,5759,576.5863485000001,723.1472144126892,16585920.0,2879.5,5760.0
hu_minimal_anneal_20_minion_noincomp,nan,nan,nan,nan,nan,nan
hu_minimal_anneal_20_nbc_noincomp,nan,nan,nan,nan,nan,nan
hu_minimal_anneal_20_nbc,6866,143.67999999999998,282.5262086391449,73610.0,1752.6190476190477,42.0
hu_minimal_anneal_20_minion,nan,nan,nan,nan,nan,nan
hu_disc_tumor_40_minion_noincomp,1,0.252006,13.32913088798523,1.0,0.5,2.0
hu_disc_tumor_40_nbc,1,0.4633333333333334,22.915562391281128,3.0,0.21428571428571427,14.0
hu_disc_tumor_40_minion,1,0.959101,16.39606809616089,3.0,0.21428571428571427,14.0
hu_disc_tumor_40_glucose_noincomp,1,0.36296,17.20593015352885,1.0,0.5,2.0
hu_gen_audio_40_minion_noincomp,nan,nan,nan,nan,nan,nan
hu_gen_audio_40_nbc,1808,6.426666666666667,66.70370411872864,34677.0,533.4923076923077,65.0
hu_gen_audio_40_minion,1808,1234.344875,1302.4965887069702,34677.0,533.4923076923077,65.0
hu_gen_audio_40_glucose_noincomp,4222,3016.3393659999965,6564.142322897911,8914753.0,2111.0,4223.0
relevant_subgroups_krvskp_50_minion_noincomp,nan,nan,nan,nan,nan,nan
relevant_subgroups_krvskp_50_nbc,0,46.760000000000005,2172.888027191162,0.0,nan,nan
relevant_subgroups_krvskp_50_minion,nan,nan,nan,nan,nan,nan
relevant_subgroups_krvskp_50_glucose_noincomp,nan,nan,nan,nan,nan,nan
hu_closed_lymph_10_nbc,397,17.599999999999998,42.17639923095703,5667.0,209.88888888888889,27.0
hu_closed_lymph_10_minion,397,988.1301704999998,1017.6396636962891,5667.0,209.88888888888889,27.0
hu_closed_lymph_10_glucose_noincomp,1039,786.8360344000001,1624.251470041275,540280.0,519.5,1040.0
hu_closed_audio_30_minion_noincomp,nan,nan,nan,nan,nan,nan
hu_closed_audio_30_nbc,7357,15.572499999999991,186.0682263970375,372936.0,5566.20895522388,67.0
hu_closed_audio_30_glucose_noincomp,21045,16019.422192999979,17089.742158651352,221456535.0,10522.5,21046.0
relevant_subgroups_lymph_10_minion_noincomp,nan,nan,nan,nan,nan,nan
relevant_subgroups_lymph_10_nbc,636,35.93333333333333,148.6606407960256,8374.0,310.14814814814815,27.0
relevant_subgroups_lymph_10_minion,636,756.471773,834.4545736312866,8374.0,310.14814814814815,27.0
relevant_subgroups_lymph_10_glucose_noincomp,nan,nan,nan,nan,nan,nan
hu_minimal_lymph_50_minion_noincomp,nan,nan,nan,nan,nan,nan
hu_minimal_lymph_50_nbc_noincomp,nan,nan,nan,nan,nan,nan
hu_minimal_lymph_50_nbc,113579,794.24,1095.855466747284,2327210.0,86192.96296296296,27.0
hu_minimal_lymph_50_minion,nan,nan,nan,nan,nan,nan
hu_gen_hypo_30_minion_noincomp,nan,nan,nan,nan,nan,nan
hu_gen_hypo_30_nbc,3222,nan,6456.045141537984,79401.0,1846.5348837209306,43.0
hu_gen_hypo_30_minion,nan,nan,nan,nan,nan,nan
hu_gen_hypo_30_glucose_noincomp,nan,nan,nan,nan,nan,nan
hu_gen_aus_30_minion_noincomp,nan,nan,nan,nan,nan,nan
hu_gen_aus_30_nbc,295,nan,2168.8148492972055,10815.0,212.0588235294118,51.0
hu_gen_aus_30_minion,nan,nan,nan,nan,nan,nan
hu_gen_aus_30_glucose_noincomp,nan,nan,nan,nan,nan,nan
relevant_subgroups_hypo_40_minion_noincomp,nan,nan,nan,nan,nan,nan
relevant_subgroups_hypo_40_nbc,0,237.54,2178.981477022171,0.0,nan,nan
relevant_subgroups_hypo_40_minion,nan,nan,nan,nan,nan,nan
relevant_subgroups_hypo_40_glucose_noincomp,nan,nan,nan,nan,nan,nan
relevant_subgroups_vote_30_minion_noincomp,3,1.199879,45.84913349151611,6.0,1.5,4.0
relevant_subgroups_vote_30_nbc,3,1.0799999999999998,57.84092410405477,8.0,0.5,16.0
relevant_subgroups_vote_30_minion,3,2.8585360000000004,46.72004580497742,8.0,0.5,16.0
relevant_subgroups_vote_30_glucose_noincomp,3,1.832918,54.21472295125326,6.0,1.5,4.0
relevant_subgroups_zoo_20_minion_noincomp,nan,nan,nan,nan,nan,nan
relevant_subgroups_zoo_20_nbc,814,2.4566666666666666,57.983930905659996,4806.0,300.375,16.0
relevant_subgroups_zoo_20_minion,814,39.362216,92.0053186416626,4806.0,300.375,16.0
relevant_subgroups_zoo_20_glucose_noincomp,1015,563.5291806666664,953.2950460116068,515620.0,507.5,1016.0
hu_gen_lymph_50_minion_noincomp,1044,563.3159339999999,629.9273028373718,545490.0,522.0,1045.0
hu_gen_lymph_50_nbc,1044,1.3500000000000003,22.11171054840088,20259.0,880.8260869565216,23.0
hu_gen_lymph_50_minion,1044,8.158526,32.8733332157135,20259.0,880.8260869565217,23.0
hu_gen_lymph_50_glucose_noincomp,1989,200.88421399999964,283.70686411857605,1979055.0,994.5,1990.0
hu_minimal_anneal_30_minion_noincomp,nan,nan,nan,nan,nan,nan
hu_minimal_anneal_30_nbc_noincomp,nan,nan,nan,nan,nan,nan
hu_minimal_anneal_30_nbc,6866,186.44666666666663,338.48592805862427,73610.0,1752.6190476190477,42.0
hu_minimal_anneal_30_minion,nan,nan,nan,nan,nan,nan
hu_gen_aus_40_minion_noincomp,nan,nan,nan,nan,nan,nan
hu_gen_aus_40_nbc,18,670.5599999999998,734.3892379999161,699.0,13.705882352941176,51.0
hu_gen_aus_40_minion,18,7961.5095299999975,8052.754092931747,699.0,13.705882352941176,51.0
hu_gen_aus_40_glucose_noincomp,19,257.654228,319.37817058563235,190.0,9.5,20.0
hu_disc_aus_50_minion_noincomp,0,0.550081,104.7179229259491,0.0,0.0,1.0
hu_disc_aus_50_nbc,0,7.13,127.23007202148438,0.0,0.0,28.0
hu_disc_aus_50_minion,0,13.067835999999998,126.41914916038513,0.0,0.0,28.0
hu_disc_aus_50_glucose_noincomp,0,1.19273,120.97083727518718,0.0,0.0,1.0
